year,month,logip,logcpi,gs1,ff,gs2,cm5yr,cm10yr,cm5f5,ebp,mortg_spread_m,cp3m_spread_m
1979,7,394.757739042198,429.045944114839,9.64,10.47,8.84366190476191,8.64911904761905,8.58425238095238,8.51938571428571,-0.243513254644087,2.50824761904762,NaN
1979,8,394.096802711193,430.000279919529,9.98,10.94,9.10709130434783,8.80138695652174,8.69839130434783,8.59539565217391,-0.326643314343865,2.39560869565218,NaN
1979,9,394.079897706591,430.945594183905,10.84,11.43,9.73482105263158,9.16435263157894,8.9718947368421,8.77943684210526,-0.0887644427941351,2.3281052631579,NaN
1979,10,394.803472912399,432.015123095579,12.44,13.77,11.0033636363636,10.1836090909091,9.84435,9.50509090909091,-0.624765428890877,1.79315,NaN
1979,11,394.648433373299,433.073334028633,12.39,13.18,11.1862473684211,10.4245947368421,10.1788631578947,9.93313157894737,0.00308457694226127,2.65113684210527,NaN
1979,12,394.715460029043,434.25058765116,11.98,13.78,10.72225,9.99494,9.992945,9.99095,0.212270843595294,2.907055,NaN
1980,1,395.254863603696,435.670882668959,12.06,13.82,10.9493318181818,10.3122863636364,10.4394636363636,10.5666409090909,-0.0185589189160128,2.43803636363636,NaN
1980,2,395.281939962072,436.944785246702,13.92,14.13,12.7138315789474,11.8927947368421,11.858747368421,11.8247,-0.301612795646625,1.18125263157895,NaN
1980,3,394.874058836331,438.327585407431,15.82,17.19,14.1364428571429,12.383819047619,11.9271761904762,11.4705333333333,0.346847296701918,3.35532380952381,NaN
1980,4,392.867754543838,439.321382406445,13.3,17.61,11.8440523809524,10.9411380952381,11.0124761904762,11.0838142857143,-0.311035447740589,5.31252380952381,NaN
1980,5,390.37690349418,440.305400186596,9.39,10.98,9.20120952380952,9.4562,10.0829380952381,10.7096761904762,0.134324833143459,4.17906190476191,NaN
1980,6,389.076259608386,441.279829334063,8.16,9.47,8.55527142857143,9.05712380952381,9.58285714285714,10.1085904761905,-0.00332750147071814,3.12714285714286,NaN
1980,7,388.370377460042,441.400968052693,8.65,9.03,8.90997272727273,9.43605909090909,9.97884090909091,10.5216227272727,0.213467561216068,2.21365909090909,NaN
1980,8,388.683441986351,442.124734782716,10.24,9.61,10.2952380952381,10.486180952381,10.7913952380952,11.0966095238095,0.0783917583735827,1.76860476190476,NaN
1980,9,390.32001986807,442.962561347316,11.52,10.87,11.2784714285714,11.1030047619048,11.1736619047619,11.244319047619,0.0517929987733421,2.02383809523809,NaN
1980,10,391.583174296998,443.911560165801,12.49,12.81,11.6986363636364,11.3576136363636,11.4135863636364,11.4695590909091,-0.105488922177075,2.37841363636364,NaN
1980,11,393.243525079104,444.96852831477,14.15,15.85,12.8457705882353,12.2814882352941,12.0809882352941,11.8804882352941,0.359470175082018,2.12401176470588,NaN
1980,12,393.906991764972,445.898767581001,14.88,18.9,13.2672590909091,12.4614818181818,12.1196090909091,11.7777363636364,0.155663637800553,2.67039090909091,NaN
1981,1,393.263902731943,446.820433091493,14.08,19.08,12.493080952381,12.0651761904762,11.9169952380952,11.7688142857143,0.432654418802191,2.98700476190477,NaN
1981,2,392.836868396423,447.733681447821,14.57,15.93,13.0215444444444,12.6524888888889,12.5365833333333,12.4206777777778,0.193101348601097,2.59591666666667,NaN
1981,3,393.344393041711,448.413185761104,13.71,14.7,12.8454181818182,12.7045954545455,12.6576636363636,12.6107318181818,0.0594934412421573,2.74233636363637,NaN
1981,4,392.903743558728,448.975933447676,14.32,15.72,13.3978857142857,13.2154428571429,13.0350238095238,12.8546047619048,0.561921513204044,2.54497619047619,NaN
1981,5,393.475271717879,449.647076906475,16.2,18.52,14.60287,13.63425,13.247495,12.86074,0.39932569013536,3.154505,NaN
1981,6,393.983465121238,450.534985070588,14.86,19.1,13.7179681818182,12.9858181818182,12.6524363636364,12.3190545454545,0.484799959283985,4.04256363636364,NaN
1981,7,394.636839192791,451.633897228148,15.72,19.04,14.4827818181818,13.77385,13.3337454545455,12.8936409090909,0.468791170005259,3.49825454545455,NaN
1981,8,394.512116780638,452.396013056255,16.72,17.82,15.3342380952381,14.4168285714286,13.8670095238095,13.3171904761905,0.312053068271278,3.41799047619048,NaN
1981,9,394.029359964513,453.367418428302,16.52,15.87,15.5754714285714,14.8127238095238,14.4059380952381,13.9991523809524,0.443718156283251,3.7540619047619,NaN
1981,10,393.237646138252,453.68913452348,15.38,15.08,14.7967095238095,14.4881523809524,14.3710714285714,14.2539904761905,0.561655405919031,4.08292857142857,NaN
1981,11,392.06853785068,454.116485601218,12.41,13.31,12.4637166666667,12.6826,12.8603277777778,13.0380555555556,0.255437955335756,4.96467222222222,NaN
1981,12,390.99949503139,454.435804659133,12.85,12.37,12.9320454545455,13.0877909090909,13.1531590909091,13.2185272727273,0.571553400385605,3.79284090909091,NaN
1982,1,388.91330171339,454.754107315146,14.32,13.22,14.047265,13.94498,14.01096,14.07694,0.758541015988136,3.47404,NaN
1982,2,390.929127765503,455.071400019203,14.73,14.78,14.1100611111111,13.8130888888889,13.7855388888889,13.7579888888889,0.54380101030972,3.81196111111111,NaN
1982,3,390.262498202513,455.071400019203,13.95,14.68,13.5108739130435,13.3154434782609,13.1528173913043,12.9901913043478,0.966711259558237,4.00718260869566,NaN
1982,4,389.334974016252,455.387689160054,13.98,14.94,13.6188666666667,13.323219047619,13.0414047619048,12.7595904761905,0.860286599121344,3.85059523809524,NaN
1982,5,388.667032504095,456.330598188939,13.34,14.45,13.207685,13.06082,12.905,12.74918,0.78236491495962,3.7725,NaN
1982,6,388.406376320809,457.471097850338,14.07,14.15,13.8071045454545,13.6912772727273,13.5497727272727,13.4082681818182,0.766803906618633,3.14772727272727,NaN
1982,7,388.077173176451,457.98523780038,13.24,12.59,13.3414714285714,13.3643714285714,13.245280952381,13.1261904761905,0.702066370774719,3.57071904761904,NaN
1982,8,387.160093092922,458.190155904874,11.43,10.12,12.0662409090909,12.4014636363636,12.5025454545455,12.6036272727273,0.0167899997687746,3.76745454545454,NaN
1982,9,386.913220573878,458.190155904874,10.85,10.31,11.5937666666667,11.8127666666667,11.860880952381,11.9089952380952,0.508221539958805,3.56911904761905,NaN
1982,10,385.940462297274,458.598736657132,9.32,9.71,10.20844,10.714255,10.88914,11.064025,0.254768558637185,3.71886,NaN
1982,11,385.615082286151,458.496747867057,9.16,9.2,9.77167368421053,10.3525210526316,10.5507736842105,10.7490263157895,0.522346286791941,3.27422631578947,NaN
1982,12,384.905125626211,458.190155904874,8.91,8.95,9.58151363636364,10.4193181818182,10.5672363636364,10.7151545454545,0.666698420446324,3.05676363636364,NaN
1983,1,386.751505946087,458.394654953646,8.62,8.68,9.28028095238095,10.2100047619048,10.5740142857143,10.9380238095238,0.282641883570047,2.67348571428572,NaN
1983,2,386.122011708768,458.496747867057,8.92,8.51,9.55722105263158,10.4372421052632,10.7647684210526,11.0922947368421,0.237645344090177,2.27773157894737,NaN
1983,3,386.962476929152,458.598736657132,9.04,8.77,9.45819130434782,10.2264304347826,10.5288826086957,10.8313347826087,0.159395417326789,2.27111739130435,NaN
1983,4,388.220482955217,459.309760475382,8.98,8.8,9.39036,10.12813,10.42198,10.71583,0.0737957272399851,2.36002,NaN
1983,5,388.821994706707,459.713801429083,8.9,8.63,9.26857142857143,10.0784523809524,10.424019047619,10.7695857142857,-0.116847005929505,2.20848095238095,NaN
1983,6,389.432735689246,459.915211366253,9.66,8.98,9.93013181818182,10.5971727272727,10.8016909090909,11.0062090909091,0.0441381574659932,2.06830909090909,NaN
1983,7,390.911076898109,460.316818331742,10.2,9.37,10.456485,11.0947,11.326155,11.55761,-0.111029683456136,2.095845,NaN
1983,8,392.086975726491,460.616968632117,10.53,9.56,10.8041869565217,11.4231043478261,11.6950347826087,11.9669652173913,-0.176907194859645,2.1149652173913,NaN
1983,9,393.530975220334,460.916220725763,10.16,9.45,10.513019047619,11.2674714285714,11.5326428571429,11.7978142857143,-0.0790393591685042,2.19335714285714,NaN
1983,10,394.292653418754,461.313835563727,9.81,9.48,10.269135,11.122345,11.459875,11.797405,-0.103217624092275,2.075125,NaN
1983,11,394.737663566062,461.611012602643,9.94,9.34,10.3354578947368,11.2345263157895,11.5477473684211,11.8609684210526,0.018932381883125,1.88725263157895,NaN
1983,12,395.238537433673,461.907309115708,10.11,9.47,10.5229428571429,11.3616333333333,11.656680952381,11.9517285714286,0.0724815336216075,1.76331904761905,NaN
1984,1,397.214867926132,462.595272517062,9.9,9.56,10.3717238095238,11.2121476190476,11.5075095238095,11.8028714285714,-0.00811877453627962,1.85999047619047,NaN
1984,2,397.653277615243,463.083793273667,10.04,9.59,10.4607736842105,11.3289368421053,11.6312157894737,11.9334947368421,-0.0838774185509461,1.60128421052632,NaN
1984,3,398.141659661623,463.375764284,10.59,9.91,10.9510863636364,11.8127409090909,12.1104272727273,12.4081136363636,-0.0077748341186995,1.27557272727273,NaN
1984,4,398.731598946358,463.763737612559,10.9,10.29,11.294905,12.125885,12.38611,12.646335,0.0590554855625944,1.26639,NaN
1984,5,399.272887777476,463.957161270542,11.66,10.32,12.0213545454545,12.8336545454545,13.0863590909091,13.3390636363636,-0.366104222109104,0.856140909090907,NaN
1984,6,399.638988882487,464.150211523548,12.08,11.06,12.4869190476191,13.0454761904762,13.2214095238095,13.3973428571429,-0.0761615485387814,1.19459047619048,NaN
1984,7,399.915620833003,464.535197562092,12.03,11.23,12.424080952381,12.8603714285714,13.0316238095238,13.2028761904762,-0.167012840921889,1.63587619047619,NaN
1984,8,400.018588584982,464.822967544854,11.82,11.64,11.9974434782609,12.3019173913043,12.3744217391304,12.4469260869565,0.140797538295932,2.09557826086956,NaN
1984,9,399.722040482145,465.109911787649,11.58,11.3,11.8345157894737,12.1711105263158,12.1215526315789,12.0719947368421,-0.0670162070305498,2.22844736842105,NaN
1984,10,399.711019903039,465.491227788291,10.9,9.99,11.3153818181818,11.7727363636364,11.8025727272727,11.8324090909091,-0.259757662089262,2.32742727272727,NaN
1984,11,400.047334661203,465.681341913993,9.82,9.43,10.4218157894737,11.1387210526316,11.3933736842105,11.6480263157895,-0.137231196488518,2.24462631578947,NaN
1984,12,400.079549741068,465.871095291612,9.33,8.38,10.058245,11.03003,11.398515,11.767,-0.0222299943234384,1.781485,NaN
1985,1,400.062345251019,466.060489287619,9.02,8.35,9.84675714285714,10.9091476190476,11.3328428571429,11.7565380952381,-0.157939438758369,1.74215714285714,NaN
1985,2,400.337079988742,466.62652853479,9.29,8.5,10.00245,11.0589944444444,11.3935166666667,11.7280388888889,-0.186487928180265,1.52648333333333,NaN
1985,3,400.488109039464,467.095792652609,9.86,8.58,10.5084047619048,11.4202714285714,11.7356142857143,12.0509571428571,0.0472433900454392,1.43438571428571,NaN
1985,4,400.270248004778,467.282883446191,9.14,8.27,9.92227142857143,10.9414428571429,11.4088238095238,11.8762047619048,-0.0811975091923667,1.78617619047619,NaN
1985,5,400.415541418941,467.46962486367,8.46,7.97,9.26116818181818,10.3136363636364,10.9122590909091,11.5108818181818,-0.292220345173368,2.00174090909091,NaN
1985,6,400.36701207598,467.749084756772,7.8,7.53,8.57668,9.73031,10.23991,10.74951,0.0222999028577542,1.97509,NaN
1985,7,399.892704332381,467.934958416234,7.86,7.88,8.66249090909091,9.86427272727273,10.4025272727273,10.9407818181818,-0.0220066076435197,1.62997272727273,NaN
1985,8,400.196425281935,468.120487226409,8.05,7.9,8.81473636363636,9.93841818181818,10.4532409090909,10.9680636363636,0.00414033797406188,1.73275909090909,NaN
1985,9,400.534211345487,468.305672464516,8.07,7.92,8.83185789473684,9.93705789473684,10.5124,11.0877421052632,0.0839681517874109,1.6801,NaN
1985,10,400.222744582724,468.675017298051,8.01,7.99,8.73743181818182,9.80492272727273,10.3825454545455,10.9601681818182,0.145185927620377,1.75245454545454,NaN
1985,11,400.573918822125,469.134788222914,7.88,8.05,8.42962105263158,9.35425263157895,9.94525789473684,10.5362631578947,0.170149475098444,1.83874210526316,NaN
1985,12,401.532299966904,469.592454925656,7.67,8.27,8.07932857142857,8.83674761904762,9.46955714285714,10.1023666666667,-0.0489670931895183,1.79044285714286,NaN
1986,1,402.084332904198,469.957086140958,7.73,8.14,8.09748095238095,8.77827142857143,9.36556666666667,9.95286190476191,0.182294350235526,1.52043333333333,NaN
1986,2,401.379950617052,469.774936728119,7.61,7.86,7.88372105263158,8.40415789473684,8.91511578947368,9.42607368421053,-0.201855740001254,1.79488421052631,NaN
1986,3,400.665113450693,469.226489283902,7.03,7.48,7.24691,7.600785,7.974785,8.348785,0.562094074858301,2.105215,NaN
1986,4,400.808381253221,468.859179412716,6.44,6.99,6.78685909090909,7.20506818181818,7.47962272727273,7.75417727272728,0.510803144874524,2.45787727272727,NaN
1986,5,400.955979540426,469.134788222914,6.65,6.85,7.15579047619048,7.71487619047619,7.9462,8.17752380952381,0.00938569207704032,2.1978,NaN
1986,6,400.552245594214,469.501088998788,6.73,6.92,7.2833380952381,7.8591619047619,8.14365714285714,8.42815238095238,0.085927976670132,2.53884285714286,NaN
1986,7,401.203484237274,469.592454925656,6.27,6.56,6.75067272727273,7.34631363636363,7.74141363636363,8.13651363636363,0.688037131690573,2.76608636363637,NaN
1986,8,401.017822517462,469.683737451392,5.93,6.17,6.35695238095238,7.03089523809524,7.57997142857143,8.12904761904762,0.655134475963797,2.62002857142857,NaN
1986,9,401.272769954978,470.048036579242,5.77,5.89,6.36857619047619,7.22640952380952,7.90573333333333,8.58505714285714,0.302142591800587,2.10176666666667,NaN
1986,10,401.698104010137,470.229689671881,5.72,5.85,6.25310454545455,7.11407727272727,7.86472727272727,8.61537727272727,0.479754617077445,2.10927272727273,NaN
1986,11,402.097964726632,470.4110133843,5.8,6.04,6.20096666666667,6.95300555555555,7.64834444444444,8.34368333333333,0.588277894291358,2.04665555555556,NaN
1986,12,403.041918640585,470.772677431318,5.87,6.91,6.20737272727273,6.78517272727273,7.45951818181818,8.13386363636364,0.610273251431707,1.85048181818182,NaN
1987,1,402.692545172344,471.312732749318,5.78,6.43,6.18027,6.75667,7.39143,8.02619,0.470316448101796,1.81257,NaN
1987,2,404.00203634915,471.6711560721,5.96,6.1,6.33744736842105,6.86942105263158,7.48363157894737,8.09784210526316,0.538932591107927,1.59886842105263,NaN
1987,3,404.1467558288,472.02829930886,6.03,6.13,6.35849545454545,6.85668636363636,7.43054090909091,8.00439545454545,0.428051972344563,1.60445909090909,NaN
1987,4,404.777867251914,472.472942104573,6.5,6.37,6.99797619047619,7.60781428571429,8.15668095238095,8.70554761904762,-0.264764534086521,1.67581904761905,NaN
1987,5,405.40814392818,472.738781871234,7,6.85,7.6722,8.25501,8.682705,9.11039999999999,0.169721450502013,1.913295,NaN
1987,6,405.924746858464,473.180283692146,6.8,6.73,7.45640454545455,8.03996818181818,8.50247272727273,8.96497727272728,0.154189846275503,2.03502727272727,NaN
1987,7,406.604453405861,473.444252169223,6.68,6.58,7.27311363636364,8.02001818181818,8.56689090909091,9.11376363636363,0.226399587967032,1.71110909090909,NaN
1987,8,407.352261559644,473.882657080077,7.03,6.73,7.53497619047619,8.29566666666667,8.82328571428571,9.35090476190476,0.222851511939049,1.50671428571429,NaN
1987,9,407.745438960935,474.232002413533,7.67,7.22,8.20324761904762,8.90331428571429,9.45033333333333,9.99735238095238,0.217126417475081,1.43716666666666,NaN
1987,10,409.068788471856,474.493212836325,7.59,7.29,8.32698095238095,9.08712857142857,9.51547619047619,9.94382380952381,-0.66297667515511,1.74452380952381,NaN
1987,11,409.555383076209,474.8404354074,6.96,6.69,7.6287947368421,8.43636315789474,8.91153684210526,9.38671052631579,0.21580433525326,1.73846315789474,NaN
1987,12,410.114637734103,475.013595623828,7.17,6.77,7.74499730220705,8.50428710638436,9.09101313543654,9.67773916448872,-0.029920955505534,1.54898686456345,NaN
1988,1,410.094936905197,475.359019110636,6.99,6.83,7.508393093762,8.16441260546521,8.83508444524558,9.50575628502595,-0.16931367709814,1.54741555475442,NaN
1988,2,410.594864039261,475.531284441781,6.64,6.58,7.0664332716448,7.67926562467465,8.4454278748111,9.21159012494755,0.165329429626647,1.4470721251889,NaN
1988,3,410.841346281756,475.789127300576,6.71,6.58,7.16109586749961,7.82405873810922,8.60502688789057,9.38599503767191,-0.0974624987206545,1.32497311210943,NaN
1988,4,411.41978418302,476.388187714291,7.01,6.87,7.4694941131321,8.15665256735385,8.9264654206841,9.69627827401435,-0.0275490415577666,1.2755345793159,NaN
1988,5,411.217956874701,476.643833358421,7.4,7.09,7.86438416826205,8.50018069269867,9.23177726807662,9.96337384345457,0.0510512408051094,1.22322273192338,NaN
1988,6,411.507649614118,477.068462446567,7.49,7.51,7.90269861812741,8.41548077268155,8.98406701450032,9.55265325631909,0.148751903440647,1.47593298549968,NaN
1988,7,411.522340757344,477.491296057519,7.75,7.75,8.11905372301965,8.55534388523945,9.1646778836995,9.77401188215956,-0.133092194852825,1.2673221163005,NaN
1988,8,412.022508685168,477.912349311153,8.17,8.01,8.46139790912735,8.79767318037213,9.30153834567813,9.80540351098413,0.0356804619905076,1.29596165432187,NaN
1988,9,411.70954534928,478.331637137157,8.09,8.19,8.31138409214067,8.582290609332,8.9946436890101,9.40699676868819,0.219627181407982,1.48535631098991,NaN
1988,10,412.139698988342,478.665806203347,8.11,8.3,8.19558064453535,8.40616521620115,8.8295054370842,9.25284565796725,0.324915186778784,1.4729945629158,NaN
1988,11,412.381274547114,478.998862298063,8.48,8.35,8.48880372644815,8.63772205907485,8.92417744505205,9.21063283102925,0.22765628490088,1.34082255494795,NaN
1988,12,412.833205464921,479.330812810349,8.99,8.76,8.90050829576305,8.92205839783443,8.99117677325671,9.060295148679,0.362748736401992,1.62082322674329,NaN
1989,1,413.127740378169,479.744207363521,9.05,9.12,8.98265889638015,8.97344650014105,8.95515148992895,8.93685647971685,0.361832333799112,1.77484851007105,NaN
1989,2,412.684240693976,480.073696953207,9.25,9.36,9.16390287173437,9.07978198453884,9.01421364848537,8.9486453124319,0.249550616078608,1.63078635151463,NaN
1989,3,412.934001536934,480.56590467375,9.57,9.85,9.50789223161995,9.32247374890941,9.142148285974,8.96182282303859,0.479833304113396,1.889851714026,NaN
1989,4,412.91903346477,481.299703319041,9.36,9.84,9.28268142961565,9.13486155156165,8.99808318273565,8.86130481390965,0.564236031649652,2.05191681726435,NaN
1989,5,412.348903916057,481.785927939844,8.98,9.81,8.85549092908959,8.7704158223935,8.75729993217191,8.74418404195031,0.390253314002457,2.01520006782809,NaN
1989,6,412.341295296945,482.108769221056,8.44,9.53,8.26292830802082,8.20985371466777,8.2340946515365,8.25833558840522,0.647278201278024,1.9619053484635,NaN
1989,7,411.371899328019,482.430571590476,7.89,9.24,7.7068801796042,7.7820118911252,8.0010925140873,8.2201731370494,0.871378845873259,1.8814074859127,NaN
1989,8,412.346961344934,482.430571590476,8.18,8.99,8.00851529118239,7.9797939494133,8.05712435930691,8.13445476920052,0.589694210078894,1.92787564069309,NaN
1989,9,412.03306468598,482.671245593533,8.22,9.02,8.09557329735545,8.09682918843955,8.1424948457971,8.18816050315465,0.631628209278891,1.9835051542029,NaN
1989,10,411.898188873138,483.150862819882,7.99,8.84,7.86394856783752,7.92179297740586,8.00809837462305,8.09440377184024,0.518628973235582,1.93940162537695,NaN
1989,11,412.235524117259,483.54879410503,7.77,8.55,7.66901096834081,7.75273175654962,7.85616766695067,7.95960357735172,0.635928776852932,1.91133233304933,NaN
1989,12,412.78244694627,483.866002935645,7.72,8.45,7.65798995506315,7.7292139830324,7.80189915789535,7.8745843327583,0.529557920717007,1.94210084210465,NaN
1990,1,412.275383669578,484.811636459848,7.92,8.23,7.95549258803376,8.0787673620889,8.16466512174991,8.25056288141091,0.267480296782013,1.73033487825009,NaN
1990,2,413.179447766894,485.203026391962,8.11,8.24,8.20707168560284,8.35607261482226,8.41440060738285,8.47272859994343,0.40043737632129,1.78309939261716,NaN
1990,3,413.676368066069,485.670681180352,8.35,8.28,8.42670252280941,8.52248699667386,8.50741975819314,8.49235251971241,0.423477116001136,1.76058024180686,NaN
1990,4,413.41404304548,485.903690994514,8.4,8.26,8.5459135764467,8.6708260119391,8.68667208196405,8.702518151989,0.186108944810527,1.68332791803595,NaN
1990,5,413.717733377453,486.05872978526,8.32,8.18,8.45430187350777,8.62266300911227,8.67840578256991,8.73414855602755,0.0994816562931611,1.79909421743009,NaN
1990,6,414.056316880148,486.676492367655,8.1,8.29,8.18169831753619,8.35114519643043,8.4333393225929,8.51553344875537,0.151131590032189,1.7306606774071,NaN
1990,7,413.881429564595,487.137322676275,7.94,8.15,8.02808556355095,8.26233021671933,8.448348984775,8.63436775283067,0.0821520327761036,1.586651015225,NaN
1990,8,414.230104564296,487.976701889122,7.78,8.13,7.95204954885191,8.36673055926691,8.75346925292435,9.14020794658179,-0.220517603164831,1.34653074707565,NaN
1990,9,414.237729675697,488.658264542628,7.76,8.2,7.98531456368468,8.46633906791605,8.94066228326842,9.41498549862079,-0.0055936155667744,1.23433771673158,NaN
1990,10,413.65176436133,489.335213348152,7.55,8.11,7.79734689664764,8.26818416738255,8.74944414410259,9.23070412082263,0.172402598197409,1.42805585589741,NaN
1990,11,412.372049984849,489.55984841079,7.31,7.81,7.51413227842965,7.95359624558535,8.41638095240425,8.87916565922315,0.275343499585269,1.59761904759575,NaN
1990,12,411.635390326036,489.933122453758,7.05,7.31,7.2739690011965,7.69542779716235,8.1334068859928,8.57138597482325,0.351430762294113,1.5390931140072,NaN
1991,1,411.309271218379,490.305008341632,6.64,6.91,7.07635491803195,7.68351378643009,8.21008714880152,8.73666051117295,0.372482903936162,1.42741285119848,NaN
1991,2,410.567677611876,490.379219847821,6.27,6.25,6.77691868065516,7.45161483531879,7.99445201694263,8.53728919856647,0.302742915464614,1.37054798305737,NaN
1991,3,409.990573685247,490.379219847821,6.4,6.12,7.00314170791015,7.7624963195798,8.22673559819365,8.6909748768075,0.237282805161962,1.27326440180635,NaN
1991,4,410.254088044659,490.601524496615,6.24,5.91,6.8712581249975,7.66818729344627,8.18168316060591,8.69517902776554,0.201917712862732,1.31081683939409,NaN
1991,5,411.191103104778,490.970937550629,6.13,5.78,6.76072773070236,7.65920982571946,8.26104866020096,8.86288749468246,0.186186942693249,1.21095133979904,NaN
1991,6,411.998144429684,491.265488573605,6.36,5.9,7.00821499384475,7.8833029662045,8.4403903188483,8.9974776714921,0.0977488805561082,1.1746096811517,NaN
1991,7,412.277813616241,491.412439371541,6.31,5.82,6.91586509777018,7.86545694258345,8.39156581054227,8.91767467850109,0.194513406649516,1.18343418945773,NaN
1991,8,412.276679648479,491.705694713669,5.78,5.66,6.38173127764705,7.398333298736,8.11472190416823,8.83111050960045,0.138458014222694,1.12927809583177,NaN
1991,9,413.066845543592,491.998092582812,5.57,5.45,6.15193538802695,7.14873265130815,7.881275584462,8.61381851761585,0.171691143254199,1.126224415538,NaN
1991,10,413.012185359762,492.143971529178,5.33,5.21,5.88420771967724,6.90484013924462,7.75936058649605,8.61388103374747,0.156771974013767,1.09563941350395,NaN
1991,11,412.853823789208,492.580335857956,4.89,4.81,5.55730149484558,6.72339221724316,7.75261387335226,8.78183552946136,0.167558245465929,0.959386126647738,NaN
1991,12,412.366385358256,492.870191133357,4.38,4.43,5.05530579408791,6.31083564167657,7.50223689165709,8.69363814163762,0.180758000879155,0.995263108342906,NaN
1992,1,411.84125895558,492.942523867071,4.15,4.03,4.98953695311433,6.3974807108351,7.47589618325443,8.55431165567376,0.0553661893035167,0.956103816745571,NaN
1992,2,412.544747914809,493.15920867558,4.29,4.06,5.22697389291868,6.72774140917395,7.69700287654453,8.66626434391511,0.102568977506402,1.06549712345547,NaN
1992,3,413.393700114859,493.51930989294,4.63,3.98,5.67607205191195,7.06368165297677,7.76165121007482,8.45962076717286,0.0463395197422343,1.17334878992518,NaN
1992,4,414.149846781539,493.734749832642,4.3,3.73,5.33548270797276,6.89374308704271,7.76224718720086,8.630751287359,0.038571395376495,1.09025281279914,NaN
1992,5,414.478415898017,493.949726626292,4.19,3.82,5.17616377182225,6.75671892268175,7.68773042067175,8.61874191866175,0.00535733586310982,0.984269579328251,NaN
1992,6,414.529588147615,494.235645334296,4.17,3.76,5.03696677785195,6.53614540150504,7.59640101708159,8.65665663265814,0.00268385085234079,0.913598982918409,NaN
1992,7,415.446081954908,494.52074887738,3.6,3.25,4.38632145514523,5.92380695285209,7.33453679046077,8.74526662806945,-0.0630578776870014,0.793463209539227,NaN
1992,8,414.885326497245,494.734044372394,3.47,3.3,4.2278999378599,5.71699298370686,7.10641676284881,8.49584054199076,0.0814451734173933,0.868583237151189,NaN
1992,9,415.214638014436,494.946885885877,3.18,3.22,3.94746558923829,5.47204686702462,7.01274378762981,8.553440708235,0.179972054151117,0.909756212370191,NaN
1992,10,415.887527082915,495.371214669663,3.3,3.1,4.14689805665995,5.7136340302241,7.1322174342789,8.55080083833371,0.110312769690525,0.955782565721097,NaN
1992,11,416.266031562745,495.653103510305,3.68,3.09,4.62207606403763,6.19661183615805,7.26386280727426,8.33111377839047,0.0713889664063898,1.04113719272574,NaN
1992,12,416.434781199385,495.793750509581,3.71,2.92,4.68789866597458,6.19652633023374,7.14594299480168,8.09535965936963,0.105806669017015,1.06005700519832,NaN
1993,1,416.818035448109,496.144504990548,3.5,3.02,4.38266379243278,5.94025669597861,7.01127593631567,8.08229517665272,0.0690820192944579,0.981224063684334,NaN
1993,2,417.298474836042,496.35436865624,3.39,3.03,4.09332251979637,5.51442282783495,6.68242461785521,7.85042640787547,0.0626197158823685,1.00007538214479,NaN
1993,3,417.211083462805,496.494033483413,3.33,3.07,3.94252129893509,5.29068689909444,6.44756642259952,7.60444594610461,0.0327398870296855,1.04743357740048,NaN
1993,4,417.485023963169,496.842344528695,3.24,2.96,3.83859639328068,5.21709262099521,6.4308638977969,7.64463517459858,0.0655315774631597,1.0411361022031,NaN
1993,5,417.105865928981,497.120122485085,3.36,3,3.9444375935341,5.2461585854636,6.43153793219655,7.6169172789295,0.0349919423870637,1.03346206780345,NaN
1993,6,417.331130663934,497.189446577982,3.54,3.04,4.14336221921041,5.23621167881177,6.24928825103373,7.26236482325568,-0.03207394273535,1.16821174896627,NaN
1993,7,417.600442313665,497.327950755249,3.47,3.06,4.05922098166024,5.10903454995129,6.06548407469948,7.02193359944767,-0.0386031329963472,1.14051592530052,NaN
1993,8,417.479795478382,497.535347995162,3.44,3.03,3.98710016491848,5.05834033581281,5.97375476634205,6.88916919687128,-0.0379832920021632,1.13874523365795,NaN
1993,9,418.008944309956,497.673374242057,3.36,3.09,3.829518492228,4.754980384745,5.65452948848719,6.55407859222938,0.0512148616179902,1.26047051151281,NaN
1993,10,418.739309552186,498.086313576259,3.39,2.99,3.84092061232411,4.72825707297884,5.60535553042647,6.4824539878741,-0.0232484954531702,1.22864446957353,NaN
1993,11,419.195210107511,498.360662170834,3.58,3.02,4.1172252003118,5.109054360427,5.9791235139335,6.84919266744,-0.1179913357946,1.1758764860665,NaN
1993,12,419.785737192214,498.565930802608,3.61,2.96,4.16334625161609,5.15786426913323,6.00376609836332,6.84966792759341,-0.15607628875145,1.16823390163668,NaN
1994,1,420.073105138907,498.565930802608,3.54,3.05,4.09447530135621,5.09957125551784,5.97061535016768,6.84165944481753,-0.231668761880432,1.08938464983232,NaN
1994,2,420.131378321934,498.838968514894,3.87,3.25,4.43289890320053,5.4019782546019,6.20058405750142,6.99918986040095,-0.42369288235126,0.951915942498578,NaN
1994,3,421.146367382597,499.111262760739,4.32,3.34,4.9884761225707,5.96417622658052,6.70034948164852,7.43652273671653,-0.307760413274072,0.974650518351477,NaN
1994,4,421.735981186863,499.179220629478,4.82,3.56,5.54440182553684,6.50967488376721,7.15130135477784,7.79292782578847,-0.266504533596564,1.16469864522216,NaN
1994,5,422.195030782717,499.382817577987,5.31,4.01,5.92666675455048,6.73986151540567,7.29805487708048,7.85624823875529,-0.271466900382354,1.29944512291952,NaN
1994,6,422.867875751431,499.653636971675,5.27,4.25,5.86718745779841,6.64555656730905,7.21367396070632,7.78179135410359,-0.316590456705785,1.18382603929368,NaN
1994,7,423.000826319381,499.991133073328,5.48,4.26,6.05819990373947,6.84690468553505,7.41140284117684,7.97590099681863,-0.291864852291545,1.20259715882316,NaN
1994,8,423.669012070674,500.394630594546,5.56,4.47,6.10289189796013,6.8171389530723,7.32926863753448,7.84139832199665,-0.262198957103945,1.18323136246552,NaN
1994,9,423.983066996829,500.595770454514,5.76,4.73,6.285732438846,7.02069193270843,7.55686822818038,8.09304452365233,-0.384039977039536,1.08313177181962,NaN
1994,10,424.784360120615,500.662727269872,6.11,4.76,6.64193546510084,7.32976769669553,7.7923438843981,8.25492007210068,-0.303182670071271,1.1326561156019,NaN
1994,11,425.465622416283,500.930107108312,6.54,5.29,7.0514823271791,7.6262506998207,7.9447211457346,8.2631915916485,-0.228444782415008,1.2252788542654,NaN
1994,12,426.482265008506,501.130173863942,7.14,5.45,7.49312380952381,7.6827,7.76481428571429,7.84692857142857,-0.177067064892993,1.43318571428571,NaN
1995,1,426.6523186283,501.396308418893,7.05,5.53,7.408095,7.6677,7.76524,7.86278,-0.221476045215193,1.38226,NaN
1995,2,426.539449897799,501.66173657738,6.7,5.92,7.00565,7.27616111111111,7.4659,7.65563888888889,-0.254330544064106,1.3616,NaN
1995,3,426.705480013628,501.860346374543,6.43,5.98,6.67259143482814,6.96503964806573,7.25520114302677,7.54536263798782,-0.263057117441608,1.20679885697323,NaN
1995,4,426.532707434606,502.256386496153,6.27,6.05,6.46292017262674,6.77500397162742,7.11884590023358,7.46268782883974,-0.203536030537762,1.20115409976642,NaN
1995,5,427.022598133118,502.453819926525,6,6.01,6.085390950986,6.34201858076791,6.68236634808805,7.02271411540819,-0.290823548860576,1.27263365191195,NaN
1995,6,427.353483276338,502.650864325255,5.64,6,5.665358396734,5.88797384817918,6.26750951895127,6.64704518972336,-0.107032053157009,1.29849048104873,NaN
1995,7,426.934494002328,502.782011885036,5.59,5.85,5.73503331594035,5.98790935007645,6.3773696314802,6.76682991288395,-0.276202753375385,1.2301303685198,NaN
1995,8,428.251426301573,502.978411293502,5.75,5.74,5.91156132060191,6.21687223005913,6.58078816929904,6.94470410853895,-0.169628202825017,1.27921183070096,NaN
1995,9,428.653943920321,503.109130266364,5.62,5.8,5.7379345541087,5.9686765394626,6.3069662910752,6.6452560426878,-0.127894748828576,1.3290337089248,NaN
1995,10,428.47803317923,503.370056702725,5.59,5.76,5.65072195650257,5.8180369667429,6.1108246488739,6.40361233100491,-0.0912561758323183,1.36417535112609,NaN
1995,11,428.741233768694,503.500265054455,5.43,5.8,5.4456401928479,5.66657120134629,6.00235397541971,6.33813674949314,-0.00944669228824435,1.37514602458029,NaN
1995,12,429.087716211002,503.630304084483,5.31,5.6,5.2911954744003,5.481114612363,5.80176829170515,6.1224219710473,-0.0217280760269456,1.39823170829485,NaN
1996,1,428.513708331865,504.148775757902,5.09,5.56,5.08198314370243,5.351857221712,5.76304516071138,6.17423309971076,-0.0694074125886424,1.26695483928862,NaN
1996,2,429.966624324512,504.342511691925,4.94,5.22,4.98706305793555,5.3813712414212,5.9420928049894,6.5028143685576,-0.277963515846362,1.1329071950106,NaN
1996,3,429.844120061608,504.664573161929,5.34,5.31,5.60326409202133,5.96232380823886,6.40553019696443,6.84873658569,-0.303061617174838,1.21846980303557,NaN
1996,4,430.83424188766,505.049682752139,5.54,5.22,5.89346204339795,6.26467603860618,6.64957434060014,7.03447264259409,-0.253795660691415,1.27542565939986,NaN
1996,5,431.578800249952,505.241682811121,5.64,5.24,6.023400346675,6.43944660550132,6.81779336546509,7.19614012542886,-0.286819258724501,1.25220663453491,NaN
1996,6,432.338138074071,505.433314936198,5.81,5.27,6.233449809861,6.6272938138506,6.9481573258234,7.2690208377962,-0.24019444439704,1.3718426741766,NaN
1996,7,432.353512677642,505.624580534831,5.85,5.4,6.21326996224782,6.56159173898405,6.86935746387514,7.17712318876623,-0.288843252337523,1.37564253612486,NaN
1996,8,432.864036206099,505.751887999511,5.67,5.22,5.96175242479419,6.31781010732924,6.6417822021359,6.96575429694257,-0.358930283230356,1.36021779786409,NaN
1996,9,433.48799941792,506.069449396899,5.83,5.3,6.16289862123285,6.53584995453495,6.8712725297587,7.20669510498245,-0.353917676138683,1.3587274702413,NaN
1996,10,433.517608822922,506.386005533355,5.55,5.24,5.84731278966677,6.22583780241682,6.57759632134932,6.92935484028182,-0.297372226775955,1.33740367865068,NaN
1996,11,434.432087340129,506.701562753236,5.42,5.31,5.63332628366747,5.92925295958758,6.25240479190153,6.57555662421547,-0.248727168622397,1.36559520809847,NaN
1996,12,435.070752149375,506.953293534374,5.47,5.29,5.7163653919281,6.01307874976486,6.32990344559191,6.64672814141895,-0.370764853951715,1.26759655440809,NaN
1997,1,435.229139186762,507.141676635611,5.61,5.25,5.93003480957586,6.28068406736048,6.5869271498389,6.89317023231733,-0.319843040347339,1.2370728501611,0.290476190476189
1997,2,436.415920866721,507.329705522097,5.53,5.19,5.81157719737822,6.14557209362256,6.44830345747244,6.75103482132233,-0.435804351887913,1.20169654252756,0.275263157894736
1997,3,437.048528882732,507.392303333217,5.8,5.39,6.1324102701706,6.47576322216435,6.74118564261275,7.00660806306115,-0.465702782798662,1.15631435738725,0.274571428571429
1997,4,437.165680334269,507.454861983991,5.99,5.51,6.36453040580068,6.68260948003323,6.92236759129427,7.16212570255532,-0.415303469456674,1.22013240870573,0.436363636363636
1997,5,437.718116432026,507.454861983991,5.87,5.5,6.1897964631961,6.48759404634981,6.73809075294038,6.98858745953095,-0.414326891119894,1.20590924705962,0.551428571428571
1997,6,438.176660086802,507.642303463426,5.69,5.56,6.01872128653062,6.29589894531957,6.54700076541433,6.79810258550909,-0.513948905317624,1.14299923458567,0.633809523809524
1997,7,439.027254352773,507.767069543241,5.54,5.52,5.817275668825,6.04708122791432,6.27562801889041,6.5041748098665,-0.490275762770823,1.22187198110959,0.455454545454547
1997,8,440.022748962132,508.016135674487,5.56,5.54,5.87119539176595,6.12195785684519,6.379295096534,6.63663233622281,-0.492010068431953,1.100704903466,0.360952380952382
1997,9,440.934506507789,508.264583007253,5.52,5.54,5.82464143152557,6.043012118378,6.30662307586286,6.57023403334771,-0.543501625067115,1.12337692413714,0.553809523809523
1997,10,441.817291505989,508.450514266271,5.46,5.5,5.72557202456827,5.89149039448273,6.13413080333636,6.37677121219,-0.417430507291234,1.15986919666364,0.575909090909092
1997,11,442.601720395492,508.574276658306,5.46,5.52,5.67712312874278,5.7738145195695,5.94226925122261,6.11072398287572,-0.311287488850058,1.26273074877739,0.492777777777778
1997,12,443.026664753783,508.636100462439,5.53,5.5,5.67005361397264,5.71857347532018,5.84299748570555,5.96742149609091,-0.376313976898015,1.25200251429445,0.542272727272728
1998,1,443.464043181378,508.759633523238,5.24,5.56,5.32261137977085,5.39391685336995,5.62561838698245,5.85731992059495,-0.331535581072081,1.36838161301755,0.406999999999999
1998,2,443.625792143205,508.759633523238,5.31,5.51,5.38347816819874,5.454587798083,5.69305728800453,5.93152677792605,-0.306775856835554,1.34944271199547,0.363157894736842
1998,3,443.660951244417,508.759633523238,5.39,5.49,5.51473528207091,5.58191191790446,5.75748279829336,5.93305367868227,-0.358139437826855,1.37001720170664,0.458181818181819
1998,4,444.003489562479,508.883014168131,5.38,5.45,5.5264374276471,5.56956421007857,5.74812133045748,5.92667845083638,-0.390918438140387,1.39187866954252,0.529567099567102
1998,5,444.66046081582,509.129319711371,5.44,5.49,5.55440938949265,5.59757280739245,5.77068911066295,5.94380541393345,-0.346007524866681,1.37331088933705,0.501000000000002
1998,6,444.058795287205,509.252245356844,5.41,5.56,5.48546093166295,5.49422963374796,5.60622231815296,5.71821500255796,-0.307552600361685,1.39127768184705,0.528181818181818
1998,7,443.673496617854,509.497644253001,5.36,5.54,5.43487245294323,5.44003886113782,5.5558104039655,5.67158194679318,-0.268385023819955,1.3961895960345,0.538636363636364
1998,8,445.722686723682,509.62011824259,5.21,5.55,5.26666393499681,5.27544385197238,5.41766101633762,5.55987818070286,0.131747443291321,1.50483898366238,0.592857142857143
1998,9,445.669453932186,509.681299033731,4.71,5.51,4.73244199341843,4.68649240263443,4.99865828522338,5.31082416781233,0.115349594715018,1.72384171477662,0.713809523809524
1998,10,446.350753841671,509.925648574978,4.12,5.07,4.24912797166771,4.33327413326662,4.84784412599238,5.36241411871814,0.231581096277577,1.86215587400762,1.12857142857143
1998,11,446.274911125217,510.047599809605,4.53,4.83,4.62369110810537,4.7042221135151,5.07475460870579,5.44528710389647,0.212527773397022,1.79024539129421,0.73263157894737
1998,12,446.726926084563,510.230248262208,4.52,4.68,4.55319332570023,4.57963456576582,4.93479538561673,5.28995620546763,0.0777340869486856,1.80320461438327,0.650454545454545
1999,1,447.15805059506,510.412563718359,4.51,4.63,4.64841742373453,4.68360914051479,5.07478073909763,5.46595233768047,0.069106684067693,1.71021926090237,0.473736842105263
1999,2,447.764358560095,510.412563718359,4.7,4.76,4.88526614471153,4.9850000212381,5.33796249780505,5.690924974372,-0.152909087448818,1.46953750219495,0.376842105263156
1999,3,447.99096382904,510.473261747537,4.78,4.81,5.04537351572309,5.21748734946656,5.57602753228218,5.93456771509779,-0.143869246815543,1.46397246771782,0.396086956521738
1999,4,448.22056243819,511.13851971964,4.69,4.74,4.95167907533405,5.10236130248509,5.49625679798771,5.89015229349033,-0.184307782698919,1.41974320201229,0.51409090909091
1999,5,448.850827164029,511.198778835654,4.85,4.74,5.21110041836358,5.46667973931895,5.81320634755205,6.15973295578516,-0.181261791822857,1.33179365244795,0.331499999999999
1999,6,448.772359372828,511.198778835654,5.1,4.76,5.5748712226575,5.86386550293186,6.15632048627209,6.44877546961232,-0.118565418509066,1.39367951372791,0.468636363636364
1999,7,449.349309604629,511.619578975675,5.03,4.99,5.49096712714942,5.73655486963016,6.08200177601142,6.42744868239268,-0.0698573333354595,1.54999822398858,0.589999999999999
1999,8,449.750033920992,511.859243560135,5.2,5.07,5.63861566679436,5.91419201231182,6.26376140073768,6.61333078916355,-0.00993097020672939,1.67873859926232,0.561363636363635
1999,9,449.345507816446,512.277279403311,5.25,5.22,5.62212256874133,5.85797186684443,6.29714736672324,6.73632286660205,0.122428731375987,1.52535263327676,0.644285714285714
1999,10,450.560396206326,512.455904041457,5.43,5.2,5.81766658946035,6.06941468592635,6.4945208065691,6.91962692721185,0.136760916924799,1.3574791934309,1.0655
1999,11,451.043963816469,512.634210180823,5.55,5.42,5.8092321326652,5.96146637385715,6.31026731438975,6.65906825492235,0.101591829605656,1.42723268561025,0.781
1999,12,451.812317199984,512.871458216186,5.84,5.3,6.04486447082036,6.16710402686445,6.53804936817418,6.90899470948391,-0.126443908867831,1.37395063182582,0.729999999999999
2000,1,451.675418661452,513.167228913909,6.12,5.45,6.36005386741135,6.5248230086618,6.76773598438325,7.0106489601047,0.0574088927662872,1.44226401561675,0.492500000000001
2000,2,451.987261232551,513.579843705026,6.22,5.73,6.5198198381291,6.6056114156179,6.59682325721905,6.5880350988202,0.147279463809769,1.72817674278095,0.353500000000001
2000,3,452.342202485519,514.166355650266,6.22,5.85,6.44539155770648,6.42018709763091,6.39544865517969,6.37071021272848,0.412751767437712,1.84455134482031,0.33304347826087
2000,4,452.935660626624,514.107859012154,6.15,6.02,6.30655623565647,6.18049766248105,6.157953294067,6.13540892565295,0.570030951183665,1.994546705933,0.488947368421052
2000,5,453.206063831964,514.283246370764,6.33,6.27,6.72461365757868,6.60366155835118,6.54772243334777,6.49178330834436,0.751502786147321,1.96727756665223,0.782727272727275
2000,6,453.245109504603,514.865659199363,6.17,6.53,6.44117050815096,6.25276480209809,6.22047190068214,6.18817899926618,0.795601338041064,2.06752809931786,0.90227272727273
2000,7,453.049836259244,515.155598515263,6.08,6.54,6.3011316977516,6.14310195151585,6.13522002577825,6.12733810004065,0.875245138118844,2.01227997422175,0.579999999999998
2000,8,452.777172919968,515.155598515263,6.18,6.5,6.188246181416,5.98317219194539,5.95592061961196,5.92866904727852,1.02736763147502,2.07157938038804,0.397391304347825
2000,9,453.237581222456,515.675380222625,6.13,6.52,6.01325615512855,5.86012193114015,5.98593786789835,6.11175380465655,1.13395319167746,1.92606213210165,0.4725
2000,10,452.848242750686,515.848042136024,6.01,6.51,5.88296296197152,5.70972598560657,5.88872469708962,6.06772340857267,1.52517173222126,1.90627530291038,0.416190476190477
2000,11,452.87620319817,516.02040644184,6.09,6.51,5.84418143819786,5.67416512359614,5.82664121411266,5.97911730462919,1.60809207444768,1.91835878588734,0.345714285714283
2000,12,452.549366126139,516.24976434055,5.6,6.4,5.3543504560113,5.17774939911335,5.41290054177035,5.64805168442735,1.60712290999357,1.96909945822965,0.562499999999999
2001,1,452.072279191047,516.820868120102,4.81,5.98,4.80407164933824,4.96658037646243,5.37962532971733,5.79267028297224,1.15281417711261,1.65287467028267,0.367619047619049
2001,2,451.41880267761,517.048399503815,4.68,5.49,4.68987618898437,4.93456377256029,5.35081081279063,5.76705785302096,1.18238198819516,1.69918918720937,0.31157894736842
2001,3,451.213561502086,517.105201550216,4.3,5.31,4.36549793903146,4.69483652763405,5.19550535363091,5.69617417962777,1.11255260854392,1.75649464636909,0.387727272727274
2001,4,450.853923434852,517.275414357269,3.98,4.8,4.24451114781955,4.78723168489995,5.4408014363579,6.09437118781585,0.925613522584901,1.6366985636421,0.601999999999999
2001,5,450.375188956289,517.784321308016,3.78,4.21,4.29851612608855,5.00038104960264,5.64662079516304,6.29286054072345,0.782042956005138,1.49837920483696,0.343181818181819
2001,6,449.845764564555,518.009673516061,3.58,3.97,4.14789300866024,4.902354403509,5.55962199301452,6.21688958252005,1.02196252888016,1.60037800698548,0.201904761904762
2001,7,449.20328423741,517.840706987548,3.62,3.77,4.0756035370821,4.84016333249019,5.49673458827486,6.15330584405952,0.79024555517134,1.63076541172514,0.101904761904763
2001,8,449.088440280901,517.840706987548,3.47,3.65,3.7895985462807,4.59459514123822,5.30260861654796,6.0106220918577,0.769709518428134,1.64739138345204,0.0765217391304343
2001,9,448.580652680424,518.234519029562,2.82,3.07,3.17127647058823,4.18729411764706,5.15455882352941,6.12182352941177,1.23391105429432,1.66294117647059,0.202904411764707
2001,10,448.30613073499,517.953383055807,2.33,2.49,2.77962727272727,3.95057272727273,4.97367727272727,5.99678181818182,1.05131617671274,1.64382272727273,0.127727272727272
2001,11,447.699584726458,517.897060891547,2.18,2.09,2.82031,4.07775,5.053865,6.02998,-0.0774191953718102,1.604135,0.128499999999999
2001,12,447.656833745718,517.840706987548,2.22,1.82,3.112015,4.559145,5.526835,6.494525,0.414275739167249,1.538165,0.1165
2002,1,448.320140229835,518.009673516061,2.16,1.73,3.02421904761905,4.48733333333333,5.44550952380952,6.40368571428571,0.574067441918332,1.55199047619048,0.0671428571428569
2002,2,448.331662698096,518.178355029209,2.23,1.74,3.00741578947368,4.39167368421053,5.35602105263158,6.32036842105263,0.788497527381401,1.53647894736842,0.0757894736842104
2002,3,449.052895967589,518.458860121969,2.57,1.73,3.510295,4.8282,5.706505,6.58481,0.290324143750823,1.307495,0.0863095238095237
2002,4,449.539996184157,518.906038061109,2.48,1.75,3.38636363636364,4.72062272727273,5.59567272727273,6.47072272727273,0.424049185741515,1.38932727272727,0.12
2002,5,449.940959030893,519.017520792833,2.35,1.75,3.23526818181818,4.56674545454545,5.51705909090909,6.46737272727272,0.521183716568818,1.28894090909091,0.0699999999999996
2002,6,450.762460954537,519.07321558681,2.2,1.75,2.96218,4.264285,5.28404,6.303795,0.974154404972786,1.36596,0.0835000000000001
2002,7,450.730263890587,519.295685089021,1.96,1.73,2.51412272727273,3.89016818181818,5.04414545454546,6.19812272727273,1.59921124539319,1.44085454545454,0.0754545454545454
2002,8,450.619148538231,519.573077777294,1.76,1.74,2.11223181818182,3.39577727272727,4.68696363636364,5.97815,1.49554431789771,1.60303636363636,0.0936363636363637
2002,9,450.704013407891,519.739144795808,1.72,1.75,1.973345,3.034065,4.299335,5.564605,1.67925632317533,1.793165,0.1095
2002,10,450.495529774197,519.960139360888,1.65,1.75,1.91820454545455,3.04237727272727,4.40348636363636,5.76459545454545,1.4765784843178,1.70901363636364,0.132727272727273
2002,11,451.054187365929,520.12556537049,1.49,1.34,1.93652105263158,3.15670526315789,4.47507894736842,5.79345263157895,1.05938612856878,1.59292105263158,0.135263157894737
2002,12,450.496524636837,520.290718174338,1.45,1.24,1.8396619047619,3.1215380952381,4.46267619047619,5.80381428571428,0.920458219332056,1.58482380952381,0.12952380952381
2003,1,451.345065209227,520.729796816087,1.36,1.24,1.75328095238095,3.09759047619048,4.45751428571429,5.8174380952381,0.867942087448534,1.45848571428571,0.101428571428572
2003,2,451.46380730202,521.275947818639,1.3,1.26,1.63592105263158,2.94753684210526,4.28705263157895,5.62656842105263,0.666158143729614,1.55544736842105,0.0878947368421052
2003,3,451.200610167257,521.439213161028,1.24,1.25,1.58912857142857,2.83842380952381,4.18429047619048,5.53015714285714,0.154762316649211,1.56070952380952,0.079047619047619
2003,4,450.603138636349,521.057845224003,1.27,1.26,1.6442380952381,2.97502380952381,4.31404285714286,5.65306190476191,0.0617373046966421,1.49845714285714,0.098073593073593
2003,5,450.575860693268,520.893955539682,1.18,1.26,1.40719523809524,2.54911428571429,3.87761428571429,5.20611428571429,-0.473746792964367,1.60638571428571,0.136190476190477
2003,6,450.703572164423,521.003245168047,1.01,1.22,1.22568571428571,2.28890476190476,3.63467619047619,4.98044761904762,-0.373902129707559,1.59532380952381,0.106190476190476
2003,7,451.216085719483,521.330399222108,1.12,1.01,1.50180454545455,2.87636818181818,4.29608636363636,5.71580454545454,-1.06119187503188,1.33641363636364,0.124545454545454
2003,8,450.997669937485,521.764946348058,1.31,1.03,1.88337142857143,3.39577142857143,4.82228571428571,6.2488,-0.200544034384337,1.44171428571429,0.113333333333334
2003,9,451.640345107699,522.089621957945,1.24,1.01,1.6993,3.19689047619048,4.61824285714286,6.03959523809524,-0.542049092754147,1.52925714285714,0.119047619047619
2003,10,451.763430783541,521.981513839308,1.25,1.01,1.75208636363636,3.20569545454545,4.61604090909091,6.02638636363636,-0.52321319468077,1.33595909090909,0.138636363636363
2003,11,452.431689988461,522.035582507832,1.34,1,1.92091111111111,3.30048888888889,4.60716666666667,5.91384444444444,-0.549196423732639,1.32533333333333,0.147222222222222
2003,12,452.461284591401,522.305488204749,1.31,0.98,1.89450909090909,3.28316363636364,4.56244090909091,5.84171818181818,-0.516692074960822,1.31355909090909,0.176818181818181
2004,1,452.613347213305,522.735827760754,1.24,1,1.74913,3.12774,4.43038,5.73302,-0.709027365496054,1.28212,0.154
2004,2,453.214777824221,522.950305054768,1.24,1.01,1.73130526315789,3.08275263157895,4.36451052631579,5.64626842105263,-0.346058778176227,1.27048947368421,0.107368421052632
2004,3,452.813902239344,523.164323328004,1.19,1,1.56699565217391,2.80642608695652,4.09996956521739,5.39351304347826,-0.528071863126729,1.34503043478261,0.091304347826087
2004,4,453.184652156925,523.324536980432,1.43,1,2.08598571428571,3.40950952380952,4.64164285714286,5.87377619047619,-0.761072538257546,1.18835714285714,0.115714285714286
2004,5,453.904427227599,523.750522715128,1.78,1,2.552475,3.886605,5.01377,6.140935,-0.382815870688116,1.25623,0.132
2004,6,453.12114334698,524.121777450746,2.12,1.03,2.76962380952381,3.95567619047619,5.00779523809524,6.05991428571429,-0.390280285397878,1.27970476190476,0.123787878787879
2004,7,453.865531315346,524.227597566441,2.1,1.26,2.63649523809524,3.71639523809524,4.75681904761905,5.79724285714286,-0.327237592461973,1.29918095238095,0.179523809523809
2004,8,453.932627987283,524.280465661778,2.02,1.43,2.4902,3.50235454545454,4.54515909090909,5.58796363636364,-0.430575358851406,1.32234090909091,0.165909090909091
2004,9,454.059646423099,524.597088617583,2.12,1.61,2.49776666666667,3.36382857142857,4.3649380952381,5.36604761904762,-0.55080190157243,1.3890619047619,0.155714285714286
2004,10,454.909177696822,525.122575901419,2.23,1.76,2.559315,3.36129,4.332665,5.30404,-0.535590062092202,1.389835,0.2075
2004,11,455.157213241921,525.59316500516,2.5,1.93,2.840635,3.523925,4.40411,5.284295,-0.673851413120611,1.32589,0.127315789473684
2004,12,455.950837342015,525.59316500516,2.67,2.16,3.00035,3.59010909090909,4.41517727272727,5.24024545454545,-0.719366234136683,1.33682272727273,0.197272727272728
2005,1,456.309845253602,525.540986553676,2.86,2.28,3.20623,3.6949,4.36697,5.03904,-0.703975391939614,1.34303,0.231000000000001
2005,2,457.033129859879,525.957653823161,3.03,2.5,3.36697368421053,3.74417894736842,4.2784,4.81262105263158,-0.929504984977846,1.3491,0.169999999999999
2005,3,456.897911881917,526.320818943447,3.3,2.63,3.7176,4.13295454545455,4.61122272727273,5.08949090909091,-0.641000264468341,1.31677727272727,0.171818181818182
2005,4,457.112931426299,526.631057041295,3.32,2.79,3.64660476190476,3.9665619047619,4.44579047619048,4.92501904761905,-0.386363446251083,1.40920952380953,0.243333333333333
2005,5,457.202903478985,526.579417484248,3.33,3,3.61882380952381,3.81196190476191,4.2370380952381,4.66211428571429,-0.307690102325209,1.4829619047619,0.309523809523809
2005,6,457.651656394731,526.631057041295,3.36,3.04,3.61651363636364,3.72706818181818,4.0758,4.42453181818182,-0.452455292797934,1.5062,0.331363636363637
2005,7,457.334509765909,527.248660651351,3.64,3.26,3.863415,3.94558,4.241525,4.53747,-0.555954439902686,1.453475,0.275
2005,8,457.659888600566,527.86247332023,3.87,3.5,4.02723043478261,4.0779347826087,4.32338260869565,4.56883043478261,-0.553618456129134,1.49661739130435,0.247391304347826
2005,9,455.703505723611,529.229929422247,3.85,3.62,3.92560476190476,3.97519047619048,4.2757380952381,4.57628571428572,-0.462966875890917,1.4982619047619,0.373333333333335
2005,10,456.909938664332,529.380721107015,4.18,3.78,4.266225,4.294895,4.540715,4.786535,-0.346574391128628,1.524285,0.345499999999998
2005,11,458.027690326482,528.877195370451,4.33,4,4.38986,4.413985,4.63858,4.863175,-0.316613413364791,1.69142,0.342500000000001
2005,12,458.542859682905,528.877195370451,4.35,4.16,4.38397142857143,4.34341428571429,4.54822857142857,4.75304285714286,-0.286888431165474,1.72377142857143,0.485238095238095
2006,1,458.700519702996,529.481122721875,4.45,4.29,4.368955,4.303955,4.474465,4.644975,-0.359620808046866,1.670535,0.246500000000001
2006,2,458.74266972103,529.531285752774,4.68,4.49,4.63417368421053,4.54200526315789,4.61464210526316,4.68727894736842,-0.316719959742745,1.63785789473684,0.197368421052631
2006,3,458.967881187005,529.681624042177,4.77,4.59,4.71737826086957,4.6593652173913,4.78298695652174,4.90660869565217,-0.402470317262871,1.54101304347826,0.275652173913042
2006,4,459.271089031332,530.181125580229,4.9,4.79,4.86073684210526,4.83575263157895,5.04073684210526,5.24572105263158,-0.441156927172543,1.46676315789474,0.340000000000001
2006,5,459.296500486973,530.479633264575,5,4.94,4.93335909090909,4.92184545454545,5.15656363636364,5.39128181818182,-0.344801994636884,1.44093636363636,0.339090909090909
2006,6,459.612641408615,530.727710791951,5.16,4.99,5.08011363636364,4.97335909090909,5.13891818181818,5.30447727272727,-0.351344947731415,1.54308181818182,0.460909090909092
2006,7,459.561366758062,531.271324683177,5.22,5.24,5.08096,4.954145,5.10426,5.254375,-0.252884310118675,1.65824,0.424000000000001
2006,8,459.999280645896,531.713912078862,5.08,5.25,4.86393913043478,4.72722608695652,4.90550434782609,5.08378260869565,-0.279310537763811,1.61849565217391,0.327826086956523
2006,9,459.832984410202,531.222027171703,4.97,5.25,4.72156,4.58041,4.763285,4.94616,-0.337961890401103,1.639215,0.442499999999999
2006,10,459.718236814589,530.777252531879,5.01,5.25,4.74967619047619,4.59995714285714,4.76173333333333,4.92350952380953,-0.369779297370516,1.59576666666667,0.318095238095239
2006,11,459.676193551755,530.826769740121,5.01,5.25,4.6824380952381,4.48313333333333,4.62209047619048,4.76104761904762,-0.338820137433979,1.61790952380952,0.299523809523808
2006,12,460.690368261424,531.369846858634,4.94,5.24,4.618495,4.437255,4.59835,4.759445,-0.471413607764197,1.53665,0.39
2007,1,460.351481661993,531.535637464257,5.06,5.25,4.82016666666667,4.65608571428571,4.7871,4.91811428571429,-0.532587024521917,1.4304,0.261428571428571
2007,2,461.28932859276,531.922722377611,5.05,5.26,4.78913684210526,4.61751052631579,4.75827368421053,4.89903684210526,-0.529040803526005,1.52672631578947,0.204210526315788
2007,3,461.46719013769,532.441387126931,4.92,5.26,4.55814545454545,4.40171818181818,4.62174545454545,4.84177272727273,-0.342622507064588,1.53425454545455,0.285
2007,4,462.137222127866,532.741004075131,4.93,5.25,4.64722857142857,4.50743333333333,4.74782857142857,4.98822380952381,-0.345187357236919,1.43217142857143,0.359452380952384
2007,5,462.232814275347,533.153451740823,4.91,5.25,4.73074545454545,4.58130454545455,4.78362727272727,4.98595,-0.5704189786993,1.47837272727273,0.497272727272728
2007,6,462.290499053717,533.384858958769,4.96,5.25,4.945,4.94187619047619,5.13922857142857,5.33658095238096,-0.361159572114039,1.51827142857143,0.637142857142858
2007,7,462.170473382718,533.562760205437,4.96,5.26,4.783,4.80229523809524,5.05678571428571,5.31127619047619,0.0463046260966888,1.63821428571429,0.423809523809525
2007,8,462.362877321203,533.593583525449,4.47,5.02,4.30736956521739,4.39718260869565,4.79844782608696,5.19971304347826,0.152933109636139,1.77355217391304,1.09869565217392
2007,9,462.584889999645,534.016443549993,4.14,4.94,4.01247368421053,4.14268947368421,4.64615789473684,5.14962631578947,0.0864890196155947,1.73634210526316,1.29421052631579
2007,10,462.302483878193,534.324292990103,4.1,4.76,3.94878181818182,4.13005454545454,4.65215909090909,5.17426363636364,0.00531006479676632,1.72284090909091,1.01045454545455
2007,11,462.834555057865,535.10710939839,3.5,4.49,3.333295,3.65552,4.3456,5.03568,0.35355398068398,1.8624,1.479
2007,12,462.869431128496,535.396491738685,3.26,4.24,3.091405,3.48516,4.34109,5.19702,0.509084691478548,1.75391,1.7605
2008,1,462.736993788399,535.740669275403,2.71,3.94,2.43020476190476,3.00377619047619,4.0061,5.00842380952381,0.730190693329534,1.7519,0.945714285714286
2008,2,462.344026698586,535.982160139148,2.05,2.98,1.951915,2.8473,4.06594,5.28458,0.938395702098338,1.85156,0.903
2008,3,462.038977818478,536.339324328422,1.54,2.61,1.603875,2.48687,3.86755,5.24823,1.16328949629408,2.10245,1.43607142857143
2008,4,461.391682239465,536.570495024973,1.74,2.28,2.01319545959126,2.83830910602916,3.99710909770619,5.15590908938321,0.676137666639946,1.92039090229381,1.42863636363636
2008,5,460.784061721062,537.160500231786,2.06,1.98,2.37905236776443,3.20805712919689,4.18339997798375,5.1587428267706,0.684062275520001,1.85260002201625,0.872380952380952
2008,6,460.550512988812,538.202872111502,2.42,2,2.72283333823795,3.51981428691319,4.38857623508998,5.25733818326678,0.825094417057927,1.93142376491002,0.846666666666666
2008,7,460.192492582306,538.914478650853,2.28,2.01,2.53958635980433,3.33308636058461,4.27785457264293,5.22262278470126,1.07859484812714,2.14814542735707,1.095
2008,8,458.610051001745,538.765520190023,2.18,2,2.38560951323736,3.15391906102498,4.15722858338129,5.1605381057376,1.2269937949887,2.32027141661871,1.03761904761905
2008,9,454.105290944789,538.85099281999,1.91,1.81,2.0700619107201,2.88059526398068,4.00067617779686,5.12075709161304,1.78638020126612,2.03682382220314,1.77821428571429
2008,10,455.094523005614,537.987431180035,1.42,0.97,1.52509091659026,2.78337270563299,4.44470906257629,6.1060454195196,3.43009827535894,1.75529093742371,2.51861244019139
2008,11,453.765657699554,536.201021770753,1.07,0.39,1.031972222858,2.35976666874356,4.24129442373912,6.12282217873468,3.19074580520422,1.84620557626088,1.3531746031746
2008,12,450.905238014163,535.374261265345,0.49,0.16,0.573509087616747,1.57977725700899,3.05520909482783,4.53064093264666,3.37130606688514,2.23079090517217,1.05545454545455
2009,1,448.379319982149,535.627018698571,0.44,0.15,0.647855001688004,1.69315499663353,3.18822501897812,4.68329504132271,2.82582602134897,1.85927498102188,0.970666666666667
2009,2,447.768902517201,535.990622921716,0.62,0.22,0.887521050478283,2.01041052215978,3.52942632374011,5.04844212532043,3.19234226276865,1.60057367625989,0.37421052631579
2009,3,446.190932954605,535.891845867589,0.64,0.18,0.909886362877759,1.94482726942409,3.37410000237552,4.80337273532694,2.77531255384354,1.62839999762448,0.407416267942584
2009,4,445.358421448298,535.992503442808,0.55,0.15,0.890038098607745,1.96050953865051,3.38296189762297,4.80541425659543,2.26251937638359,1.42703810237703,0.324904761904762
2009,5,444.343330355296,536.139544676073,0.5,0.18,0.913100001215935,2.20613000392914,3.78223999738693,5.35834999084473,1.37559296961168,1.07526000261307,0.197
2009,6,443.965736750921,536.966080661617,0.51,0.21,1.17315908724611,2.72046362270009,4.22523181004958,5.72999999739907,0.934604499066487,1.19476818995042,0.178636363636364
2009,7,445.088433035833,536.936279676102,0.48,0.16,1.01954545487057,2.50927271626212,4.03840005397797,5.56752739169381,0.330432634159906,1.18359994602203,0.141818181818182
2009,8,446.179161147608,537.27056565519,0.46,0.16,1.10910951523554,2.61454763866606,4.03451902525766,5.45449041184925,0.0658229984203644,1.15798097474234,0.114761904761905
2009,9,447.056736244354,537.463468201873,0.4,0.15,0.947271435033707,2.407928557623,3.82622380483718,5.24451905205136,0.0605349835464066,1.23127619516282,0.105714285714286
2009,10,447.325919409062,537.763211701732,0.37,0.12,0.94436666511354,2.36385239873614,3.77547142619178,5.18709045364743,-0.14057183260088,1.17652857380822,0.141428571428571
2009,11,447.758791931239,538.097511356225,0.31,0.12,0.801857898109838,2.25664210319519,3.79564212497912,5.33464214676305,-0.00356123663486274,1.07935787502088,0.142631578947368
2009,12,448.163777932726,538.149515471705,0.37,0.12,0.864918180487373,2.3573772798885,3.94815003871918,5.53892279754985,-0.474841577111201,0.981849961280824,0.143073593073593
2010,1,449.247841780631,538.214367659289,0.35,0.11,0.925400009280756,2.50238946864479,4.06685264487016,5.63131582109552,-0.194904015726868,0.963147355129844,0.116315789473684
2010,2,449.62243618974,538.119144671615,0.35,0.13,0.847326319468649,2.40505789455615,4.02642101990549,5.64778414525484,0.00122233360387502,0.963578980094509,0.0926315789473684
2010,3,450.305772302473,538.152275996204,0.4,0.16,0.94526957169823,2.47316087847171,4.02416956943014,5.57517826038858,-0.155015860748635,0.943330430569856,0.0918379446640316
2010,4,450.644427922476,538.175277403992,0.45,0.2,1.04349999807098,2.62276821786707,4.1005181832747,5.57826814868233,-0.268918713562462,0.997481816725297,0.141536796536797
2010,5,451.986281090768,538.123286687534,0.37,0.2,0.829239997267723,2.24616500139237,3.70089495182037,5.15562490224838,-0.120582988014128,1.18660504817963,0.2845
2010,6,452.171031311693,538.081398399762,0.32,0.18,0.723799998109991,2.06020907380364,3.48915910720825,4.91810914061286,0.0566899006612482,1.24834089279175,0.335
2010,7,452.550015886053,538.268149265897,0.29,0.18,0.600828570978982,1.8116333371117,3.27294760658627,4.73426187606085,0.184289306117797,1.29105239341373,0.215238095238095
2010,8,452.915809445683,538.414178938621,0.26,0.19,0.486204545606266,1.50190908800472,2.90424999323758,4.30659089847044,-0.265215833350482,1.52325000676242,0.115454545454545
2010,9,453.21015197227,538.575573569687,0.26,0.19,0.461880953538986,1.4658047698793,2.86768572671073,4.26956668354216,0.0132232386195583,1.47831427328927,0.0990476190476191
2010,10,452.926382847761,538.923153439867,0.23,0.19,0.337579999864101,1.24334499835968,2.74898000955582,4.25461502075195,0.0114667111880338,1.47601999044418,0.114
2010,11,453.013301303022,539.17621712579,0.25,0.19,0.4291400000453,1.38013001084328,2.95633499622345,4.53253998160362,-0.115843336049272,1.34366500377655,0.1045
2010,12,453.987084216499,539.577070269675,0.29,0.18,0.613818176768043,1.95450909029354,3.54451821067116,5.13452733104879,-0.394011418396856,1.16948178932884,0.130909090909091
2011,1,453.776248602407,539.900849757756,0.27,0.17,0.599979999661446,2.00173001289368,3.63181501626968,5.26190001964569,-0.00652806055780441,1.12318498373032,0.1055
2011,2,453.378373789512,540.221781682898,0.29,0.16,0.761447370052338,2.26766842289975,3.7977947435881,5.32792106427645,-0.255737243861724,1.1547052564119,0.119473684210526
2011,3,454.413272896693,540.737802821464,0.26,0.14,0.678060868512029,2.12529131122257,3.63962173461914,5.15395215801571,-0.29756736649295,1.19637826538086,0.13304347826087
2011,4,454.089722958508,541.206114426369,0.25,0.1,0.711594992876053,2.18715500235558,3.68523501157761,5.18331502079964,-0.247082137031203,1.15476498842239,0.1645
2011,5,454.210258252052,541.523780805481,0.19,0.09,0.529504767486027,1.84069046520052,3.38747620582581,4.9342619464511,-0.120372805544533,1.25002379417419,0.139047619047619
2011,6,454.51228974827,541.523780805481,0.18,0.09,0.412904547019438,1.57670454545455,3.21715907617049,4.85761360688643,-0.0035158332985703,1.29284092382951,0.129545454545455
2011,7,455.003795335004,541.785441857348,0.19,0.07,0.403755000038147,1.54573500208855,3.22903500276566,4.91233500344277,-0.0440137969677412,1.31596499723434,0.1315
2011,8,455.676639716609,542.100391586239,0.11,0.1,0.221273915037901,1.03095652180133,2.46557824478149,3.90019996776166,-0.0751186930931969,1.80442175521851,0.183478260869565
2011,9,455.593897457162,542.317310931827,0.1,0.08,0.218400000106721,0.904628572009859,2.11273334707533,3.32083812214079,0.461090054014417,1.99326665292467,0.205690476190476
2011,10,456.285541115885,542.384808899525,0.11,0.07,0.2958749987185,1.08196000158787,2.29476998448372,3.50757996737957,-0.0657619956371547,1.77273001551628,0.2175
2011,11,456.276881991693,542.569423387574,0.11,0.08,0.244670002162457,0.937650004029274,2.12417999505997,3.31070998609066,0.522994571846242,1.86832000494003,0.1935
2011,12,456.806108181849,542.593191411771,0.12,0.07,0.245766668092637,0.916661901133401,2.07915715944199,3.24165241775058,0.306027202364758,1.87884284055801,0.164761904761905
2012,1,457.400763843423,542.865240627497,0.12,0.08,0.224159997701645,0.873315000534058,2.05938499569893,3.2454549908638,0.20965313601942,1.85561500430107,0.228833333333333
2012,2,457.721814221852,543.078757131184,0.16,0.1,0.261290000379086,0.864065003395081,2.04964501261711,3.23522502183914,0.0826080623541783,1.84035498738289,0.1165
2012,3,457.202696739484,543.287885344324,0.19,0.13,0.350786366245963,1.05774545669556,2.27713635834781,3.49652726000006,-0.315989119358911,1.67686364165219,0.118181818181818
2012,4,457.919472590062,543.453826420931,0.18,0.14,0.302057142768587,0.937338093916575,2.13734760738555,3.33735712085452,-0.135673332206882,1.77265239261446,0.115690476190476
2012,5,458.150127423717,543.246794243903,0.19,0.16,0.283090909773653,0.803049997849898,1.85104544596239,2.89904089407487,-0.0474403683210962,1.94695455403761,0.11
2012,6,458.15565660757,543.164123764146,0.19,0.16,0.304619045484634,0.755271431945619,1.65639046260289,2.55750949326016,0.192791988683824,2.01860953739711,0.118571428571429
2012,7,458.365335027584,543.193000587196,0.19,0.16,0.254780952419553,0.658938095683143,1.5553952512287,2.45185240677425,0.025075590734311,1.9946047487713,0.139357142857143
2012,8,457.936507980614,543.772272361508,0.18,0.13,0.263143479178263,0.746630428330795,1.73788695734273,2.72914348635466,-0.175984930803436,1.86411304265727,0.0882608695652174
2012,9,457.863111975091,544.248264347854,0.18,0.14,0.237115790185176,0.709515788053211,1.76476843106119,2.82002107406917,-0.12554002080655,1.73273156893881,0.0631578947368421
2012,10,458.20990830401,544.517580823294,0.18,0.16,0.26675237928118,0.743814278216589,1.7797714301518,2.81572858208702,-0.158351565713637,1.6027285698482,0.0825108225108225
2012,11,458.576002166824,544.349505205886,0.18,0.16,0.257354997098446,0.701960003376007,1.68118500113487,2.66040999889374,-0.0287061759993432,1.67081499886513,0.1155
2012,12,458.812676856884,544.337396312321,0.16,0.16,0.25003500059247,0.728194996714592,1.75035501122475,2.7725150257349,-0.144704500692851,1.59464498877525,0.099
2013,1,458.837188119219,544.535279288969,0.15,0.14,0.254604761799177,0.832128570193336,1.96529046694438,3.09845236369542,-0.0763127285634142,1.44870953305562,0.114761904761905
2013,2,459.303788637152,545.076803073865,0.16,0.15,0.259199998880688,0.866105271013159,2.0483368321469,3.23056839328063,-0.0126830676068606,1.4841631678531,0.0594736842105263
2013,3,459.705837402285,544.79521507647,0.15,0.14,0.249784999340773,0.840145000815392,2.02149000167847,3.20283500254154,-0.077177115812225,1.54350999832153,0.062
2013,4,459.619502949781,544.586198863036,0.12,0.15,0.222213637422432,0.726359091021798,1.79056363756006,2.85476818409833,-0.103456926035557,1.65443636243994,0.0959090909090909
2013,5,459.697570273192,544.627605838115,0.12,0.11,0.246931819075888,0.850831814787605,1.98614088513634,3.12144995548508,-0.477319105955925,1.54985911486366,0.0954545454545454
2013,6,459.904848656304,544.86536379031,0.14,0.09,0.350174994766712,1.2038350045681,2.40674498081207,3.60965495705605,-0.341573423246667,1.66325501918793,0.0845
2013,7,459.594173451729,545.06091768903,0.12,0.09,0.358581819317558,1.41188180446625,2.71406363357197,4.01624546267769,-0.00350171215514327,1.65593636642803,0.103181818181818
2013,8,460.170719675642,545.299362252167,0.13,0.08,0.375604546882889,1.53220000050285,2.89849090576172,4.26478181102059,-0.116708035623244,1.55750909423828,0.08
2013,9,460.677889132751,545.33704961878,0.12,0.08,0.423084995150566,1.61872499585152,2.95414997339249,4.28957495093346,-0.12520454139131,1.53585002660751,0.0975
2013,10,460.598984997177,545.390558405129,0.12,0.09,0.348327275026928,1.39043181592768,2.75424088131298,4.11804994669827,-0.0308656451042395,1.43775911868702,0.0754545454545455
2013,11,460.83232099795,545.574837449687,0.12,0.08,0.304952632439764,1.39727368480281,2.87768421675029,4.35809474869778,0.00814162048458477,1.3773157832497,0.0505263157894737
2013,12,461.033184169361,545.838905399023,0.13,0.09,0.35234285962014,1.59191429047357,3.07303334417797,4.55415239788237,-0.148336912983998,1.38446665582203,0.069047619047619
2014,1,460.676790894873,546.081029570781,0.12,0.07,0.401704759824844,1.66671429929279,3.00640477452959,4.34609524976639,-0.300132601431202,1.42559522547041,0.0804761904761905
2014,2,461.429641498635,546.191046891551,0.12,0.07,0.347768424372924,1.54351579515558,2.85302631478561,4.16253683441564,-0.20226976022227,1.44947368521439,0.0810526315789474
2014,3,462.393502006116,546.395044205576,0.13,0.08,0.414719048000517,1.6674428497042,2.85216190701439,4.03688096432459,-0.271312665239635,1.49033809298561,0.0695238095238095
2014,4,462.490222255751,546.581289222332,0.11,0.09,0.430309521300452,1.73730000995454,2.82678572336833,3.91627143678211,-0.353011254986429,1.51071427663167,0.09
2014,5,462.872654352903,546.771408970506,0.1,0.09,0.395957140695481,1.62007617382776,2.65970475333078,3.69933333283379,-0.368111112118585,1.53229524666922,0.0757142857142857
2014,6,463.215285731798,546.903434998386,0.1,0.1,0.461280951897303,1.70055238973527,2.70713332721165,3.71371426468804,-0.305283896646452,1.45536667278835,0.0714285714285715
2014,7,463.437164283598,547.015920238661,0.11,0.09,0.519859093156728,1.72977273572575,2.63877728852359,3.54778184132143,-0.317252816437479,1.49122271147641,0.0986363636363637
2014,8,463.24818050095,546.999918823765,0.11,0.09,0.513819045963742,1.67719524814969,2.5164904707954,3.35578569344112,-0.310500833754894,1.5985095292046,0.0952380952380952
2014,9,463.535112475965,547.007077667993,0.11,0.09,0.59857619092578,1.82275714760735,2.63401904560271,3.44528094359807,-0.213541207151852,1.52848095439729,0.101904761904762
2014,10,463.547046084368,546.987284318915,0.1,0.09,0.486599992622029,1.60028636455536,2.40152273394845,3.20275910334154,-0.211229513489847,1.63447726605155,0.103636363636364
2014,11,464.162361219387,546.798840860461,0.13,0.09,0.552566669053502,1.66548334227668,2.42570553885566,3.18592773543464,0.062702156325273,1.57179446114434,0.111111111111111
2014,12,464.154454442214,546.489903194648,0.21,0.12,0.661763640967282,1.68052727525884,2.28072729977695,2.88092732429505,0.0858303299794803,1.58327270022305,0.125454545454545
2015,1,463.366531593466,545.8508338454,0.2,0.11,0.574630005657673,1.41271000504494,1.95165500044823,2.49059999585152,-0.0352537680908456,1.71834499955177,0.1325
2015,2,462.725941270835,546.10397753425,0.22,0.11,0.645731576179203,1.51324211296282,2.06909999094511,2.6249578689274,-0.285573281796268,1.64090000905489,0.134210526315789
2015,3,462.390754019997,546.373010493908,0.25,0.11,0.672709088433873,1.55289545926181,2.128486384045,2.70407730882818,-0.126595672544301,1.641513615955,0.117034632034632
2015,4,461.843679408848,546.477204083146,0.23,0.12,0.568150002848018,1.38723182678223,2.01805454492569,2.64887726306916,0.00641707146901637,1.65394545507431,0.10491341991342
2015,5,461.401396424363,546.806436053551,0.24,0.12,0.64263000190258,1.57653499245644,2.30624500513077,3.0359550178051,0.0517452120523032,1.53375499486923,0.134
2015,6,461.086394573001,547.082845770723,0.28,0.13,0.708627272735943,1.72042272849516,2.47188637473367,3.22335002097217,0.148185559622731,1.51061362526633,0.167727272727273
2015,7,461.732402792062,547.241352061122,0.3,0.13,0.680054542693225,1.66425908153707,2.40769092603163,3.15112277052619,0.211576466027175,1.63830907396837,0.162272727272727
2015,8,461.548381717633,547.240931952188,0.38,0.14,0.723323810668219,1.58351905005319,2.24177618253799,2.90003331502279,0.39885410828034,1.66322381746201,0.19
2015,9,461.268884986278,547.015920238661,0.37,0.14,0.731699994632176,1.54478095258985,2.25843331927345,2.97208568595705,0.537719130297177,1.63156668072655,0.252380952380952
2015,10,460.784161454325,547.114819518865,0.26,0.12,0.654914288293748,1.43507143429347,2.14731904438564,2.8595666544778,0.423202150315765,1.64868095561436,0.238095238095238
2015,11,460.045709681156,547.2342099692,0.48,0.12,0.906073683186581,1.7186526373813,2.36381053924561,3.00896844110991,0.509442466940468,1.57868946075439,0.171929824561403
2015,12,459.554097357088,547.126596744249,0.65,0.24,1.02298181707209,1.74581363526258,2.33665000308644,2.9274863709103,0.680308045263532,1.62734999691356,0.308181818181818
2016,1,460.076750841079,547.080741876204,0.54,0.34,0.939689466827794,1.55731578877098,2.17182104211104,2.78632629545111,0.918886875995642,1.70067895788896,0.313684210526316
2016,2,459.556924409149,546.94768586358,0.53,0.38,0.754299998283386,1.26742998957634,1.8674349963665,2.46744000315666,0.950225810908618,1.7925650036335,0.2265
2016,3,458.812168260848,547.260675164473,0.66,0.36,0.875177269632166,1.42226363853975,1.97565455870195,2.52904547886415,0.58245537956746,1.71834544129805,0.257648221343874
2016,4,459.149814816718,547.643007856794,0.56,0.37,0.765647618543534,1.29171427658626,1.86742381822495,2.44313335986364,0.238560405552337,1.73757618177505,0.317142857142857
2016,5,458.922777844733,547.879138435909,0.59,0.37,0.814214283511752,1.33367142223176,1.87432858489809,2.41498574756441,0.250895129768939,1.72567141510191,0.293333333333333
2016,6,459.39403669389,548.156349579313,0.55,0.38,0.735181816599586,1.19664090871811,1.69759092005816,2.19854093139822,0.0666604726775319,1.87040907994184,0.285
2016,7,459.511176929386,548.105966814981,0.51,0.39,0.686080002784729,1.09810998439789,1.54101499915123,1.98392001390457,0.0133040199166876,1.89898500084877,0.32
2016,8,459.360354961663,548.290718223,0.57,0.4,0.748404352561287,1.16524345978447,1.60248696804047,2.03973047629647,-0.0176119244293949,1.83251303195953,0.429130434782609
2016,9,459.254785852935,548.552695741477,0.59,0.4,0.7930666690781,1.22480952739716,1.6829666637239,2.14112380005064,-0.0695548459407753,1.7770333362761,0.458571428571429
2016,10,459.270380252755,548.786690509852,0.66,0.4,0.86866999566555,1.32671999931335,1.81384499073029,2.30096998214722,-0.0719579806035742,1.65615500926971,0.3935
2016,11,458.852339380184,548.904515840217,0.74,0.41,1.01036000549793,1.66242501139641,2.22298998832703,2.78355496525764,-0.734073381504946,1.54701001167297,0.262421052631579
2016,12,459.53359883912,549.156649930785,0.87,0.54,1.21925714470091,2.01166190419878,2.59431428001041,3.17696665582203,-0.242137324323466,1.6036857199896,0.365761904761905
2017,1,459.270380252755,549.560142473151,0.83,0.65,1.20994000434875,1.96450999379158,2.50801999568939,3.0515299975872,-0.195231448872652,1.64198000431061,0.3895
2017,2,458.86809832329,549.71928151548,0.82,0.66,1.20851580092781,1.95010527184135,2.49707897085892,3.0440526698765,-0.181143740829181,1.67042102914108,0.346315789473684
2017,3,459.525822439881,549.672550435593,1.01,0.79,1.3269043383391,2.05293912472932,2.55292608426965,3.05291304380997,-0.168594037776785,1.64307391573035,0.239751552795031
2017,4,460.539416090384,549.795889623709,1.04,0.9,1.25542105499067,1.85508948250821,2.35899474746303,2.86290001241784,-0.117628681608067,1.68600525253697,0.230526315789473
2017,5,460.657719568555,549.718461860145,1.12,0.91,1.30714543841102,1.86390455744483,2.36981364813718,2.87572273882953,-0.164423222002284,1.64018635186282,0.157727272727272
2017,6,460.863517597076,549.783603504551,1.2,1.04,1.34820000691847,1.79654999754646,2.23080000010404,2.66505000266162,-0.123247328605731,1.67319999989596,0.174415584415584
2017,7,460.623761608183,549.816363135151,1.22,1.15,1.38088999986648,1.88738499283791,2.36647998094559,2.84557496905327,-0.148075905428691,1.60102001905441,0.157
2017,8,460.209044846117,550.20048705003,1.23,1.16,1.33820435275202,1.79288260314776,2.25679128066353,2.72069995817931,-0.0779186780961008,1.62320871933647,0.230869565217391
2017,9,460.312209007077,550.709826702641,1.28,1.15,1.38608499765396,1.81431000828743,2.239240026474,2.66417004466057,-0.254897556977625,1.565759973526,0.222078947368421
2017,10,461.536504139814,550.787301907353,1.4,1.15,1.54928570701962,1.98899047715323,2.38576666514079,2.78254285312834,-0.212654795279286,1.50923333485921,0.182857142857143
2017,11,461.775466817871,551.053747368785,1.56,1.16,1.69327141557421,2.05414761815752,2.38045716285706,2.70676670755659,-0.129661308383545,1.54154283714294,0.0915288220551376
2017,12,461.970799804231,551.264214655403,1.7,1.3,1.8499449968338,2.17419998645782,2.42857000827789,2.68294003009796,-0.193257678991271,1.52142999172211,0.217
2018,1,461.968927208729,551.688647101586,1.8,1.41,2.02341428824833,2.37163333665757,2.59751905713762,2.82340477761768,-0.396265121787899,1.43498094286238,0.213333333333333
2018,2,462.211087871635,551.957514090203,1.96,1.42,2.19838946744015,2.61300526167217,2.89048420755487,3.16796315343756,-0.243555936493528,1.43951579244513,0.21
2018,3,462.699723335073,551.976748481354,2.06,1.51,2.2770619051797,2.63310951278323,2.85689048540024,3.08067145801726,-0.102889951480277,1.58710951459976,0.38469696969697
2018,4,463.79558152539,552.236850587961,2.15,1.69,2.38741906483968,2.70382381620861,2.86391428538731,3.02400475456601,-0.281168938288138,1.60358571461269,0.441904761904761
2018,5,462.891014983075,552.462391032338,2.27,1.7,2.51562725413929,2.81999087333679,2.98394543474371,3.14789999615062,-0.193453911678232,1.60205456525629,0.294545454545455
2018,6,463.664947301471,552.552464970793,2.33,1.82,2.52880476769947,2.77897619065784,2.92054762159075,3.06211905252366,0.0268590165908327,1.64945237840925,0.287142857142857
2018,7,463.826254368795,552.630516552512,2.39,1.91,2.59980952172052,2.77489049094064,2.89212856973921,3.00936664853777,-0.125607852406293,1.63537143026079,0.211428571428571
2018,8,464.470527279772,552.809089093835,2.45,1.91,2.62683041199394,2.76660870469135,2.88696956634521,3.00733042799908,-0.0949250626764644,1.66303043365478,0.159130434782609
2018,9,464.535581807271,553.015104905668,2.56,1.95,2.75465792103818,2.88895264424776,2.99629472431384,3.10363680437992,-0.175620440411852,1.63120527568616,0.116842105263158
2018,10,464.425242801623,553.248789664475,2.65,2.19,2.85030911185525,2.99760454351252,3.14985000003468,3.30209545655684,0.000960814882712713,1.68014999996532,0.125454545454545
2018,11,464.504549254067,553.178345666516,2.7,2.2,2.84765502214432,2.94782497882843,3.11868499517441,3.28954501152039,0.146516914343101,1.74731500482559,0.232973684210526
2018,12,464.529049438421,553.24681157772,2.66,2.27,2.66554208805687,2.68989475149857,2.82453682548121,2.95917889946385,0.346129988258888,1.81296317451879,0.322543859649123
2019,1,463.862527134585,553.165280369708,2.58,2.4,2.52926190694173,2.54463807741801,2.70020478112357,2.85577148482913,0.183516581196542,1.76379521887643,0.217142857142858
2019,2,463.314618285578,553.464956406425,2.55,2.4,2.48858419217561,2.50822106160616,2.6691368379091,2.83005261421204,0.0732287590343885,1.7008631620909,0.10421052631579
2019,3,463.352146334833,553.842422398068,2.49,2.41,2.40022857983907,2.39254286175682,2.57256669089908,2.75259052004133,-0.113393569079869,1.69243330910092,0.0757142857142856
2019,4,462.765548620716,554.21768534556,2.42,2.42,2.33089998790196,2.34334284918649,2.53861904144287,2.73389523369926,0.00267187093164555,1.60388095855713,0.0857142857142859
2019,5,462.880858455349,554.242365628294,2.34,2.39,2.20114544304934,2.1979499946941,2.40997728434476,2.62200457399542,-0.00917234726735638,1.66202271565524,0.0836363636363644
2019,6,462.925285650405,554.209849061209,2,2.38,1.82979999184608,1.84417999982834,2.09069999456406,2.33721998929977,0.0158889468879983,1.71180000543594,0.1295
2019,7,462.439225263468,554.440370772246,1.96,2.4,1.84641363945874,1.83839543841102,2.06376817551526,2.28914091261951,-0.0383450819936522,1.70123182448474,0.125863636363637
2019,8,463.121797746958,554.531805959279,1.77,2.13,1.58519090847535,1.49945454163985,1.63596818663857,1.7724818316373,-0.148744514575746,1.98003181336143,0.109545454545454
2019,9,462.78285357462,554.685572288219,1.8,2.04,1.6779500067234,1.58357000350952,1.71443500518799,1.84530000686645,-0.226467403037269,1.89056499481201,0.133921052631578
2019,10,461.935017308192,554.967901593623,1.61,1.83,1.5771272724325,1.54811817407608,1.71489544348283,1.88167271288958,-0.221730574459589,1.97310455651717,0.231363636363636
2019,11,462.435693739713,555.249048266229,1.57,1.55,1.63071052651656,1.65951052464937,1.8328947330776,2.00627894150584,-0.167165795709585,1.8621052669224,0.230672514619883
2019,12,462.203025290267,555.539846888994,1.55,1.55,1.63933333896455,1.70174286479042,1.89179048084077,2.08183809689113,-0.279155290071937,1.82820951915923,0.224206349206349
2020,1,461.545511432263,555.731828900884,1.53,1.55,1.53083334650312,1.56839523996626,1.77922379970551,1.99005235944476,-0.238218274409436,1.84477620029449,0.124619047619047
2020,2,461.881171577863,555.779284710964,1.41,1.58,1.3457368486806,1.33313683773342,1.5198631537588,1.70658946978418,-0.146594854518698,1.9451368462412,0.0794736842105261
2020,3,457.890628957761,555.325411518673,0.33,0.65,0.529890913854946,0.68883637000214,0.945850003849376,1.20286363769661,1.201475837454,2.50414999615062,1.06657754010695
2020,4,443.748381056215,554.530243666771,0.18,0.05,0.251819049318631,0.427947617712475,0.724309526738666,1.02067143576486,0.652780170115237,2.58169047326133,NaN
2020,5,445.388672509061,554.440370772246,0.16,0.05,0.189589999616146,0.375850000977516,0.710880002379417,1.04591000378132,0.404776612225142,2.52161999762058,0.0425
2020,6,451.735921668244,554.923949566747,0.18,0.08,0.198886363520405,0.379036363116178,0.753850002284484,1.12866364145279,0.0530669553343559,2.40864999771552,0.0444545454545454
2020,7,455.414632898324,555.432299613926,0.15,0.09,0.154645456170494,0.306127272546291,0.634213642640547,0.962300012734803,-0.161135407715239,2.38178635735945,0.0498484848484849
2020,8,456.387828941449,555.804739523025,0.13,0.1,0.143933334166095,0.298757142963864,0.654619040943327,1.01048093892279,-0.285538869189913,2.28038095905667,0.0410989010989011
2020,9,456.400334034686,556.067009248742,0.13,0.09,0.136519046411628,0.295719050225757,0.680495233762832,1.06527141729991,-0.00247625665189588,2.20950476623717,0.0259740259740259
2020,10,457.202076518416,556.190780203741,0.13,0.09,0.148499999863761,0.360357145706813,0.792619052301134,1.22488095889546,-0.209837831396131,2.04138094769887,0.0195238095238095
2020,11,457.555186197516,556.41793530017,0.12,0.09,0.163373684210526,0.416726315789474,0.878310526315789,1.33989473684211,-0.466801028903343,1.88668947368421,0.0669473684210526
2020,12,458.866471708621,556.851624473796,0.1,0.09,0.129604545454545,0.412827272727273,0.941236363636364,1.46964545454545,-0.500505690949613,1.74276363636364,0.0833522727272727
2021,1,459.392924265281,557.078046569294,0.1,0.09,0.125094736842105,0.470878947368421,1.09544210526316,1.7200052631579,-0.653302014895476,1.63955789473684,0.0547773279352226
2021,2,456.032866565339,557.433036946116,0.07,0.08,0.119605263157895,0.5642,1.29867894736842,2.03315789473684,-0.943664464938899,1.51132105263158,0.0698684210526316
2021,3,458.889445188584,557.915230076006,0.08,0.07,0.159760869565217,0.839278260869565,1.71220434782609,2.58513043478261,-0.744031881325103,1.37029565217391,0.0710766045548654
2021,4,459.065230976316,558.584317679151,0.06,0.07,0.171854545454545,0.876659090909091,1.72882272727273,2.58098636363636,-0.487001996855169,1.33117727272727,0.0880382775119617
2021,5,459.948706761955,559.249330811613,0.05,0.06,0.15751,0.836965,1.71832,2.599675,-0.423432314153126,1.24418,0.082
2021,6,460.315515718047,560.104813720134,0.07,0.08,0.208054545454545,0.852304545454545,1.60778181818182,2.36325909090909,-0.584705516819126,1.36721818181818,0.0546464646464646
2021,7,460.768601862553,560.567338154588,0.08,0.1,0.22582380952381,0.777514285714286,1.37980952380952,1.98210476190476,-0.554369849956152,1.48819047619048,0.0520634920634921
2021,8,460.56070905314,560.856295740857,0.07,0.09,0.233118181818182,0.785581818181818,1.33659545454545,1.88760909090909,-0.478642131184141,1.50590454545455,0.0448989898989899
2021,9,459.368346549256,561.291640514883,0.08,0.08,0.255419047619048,0.876552380952381,1.42410952380952,1.97166666666667,-0.644946864975143,1.47589047619048,0.0562202380952381
2021,10,460.702945647301,562.231208165814,0.11,0.08,0.40404,1.11826,1.64112,2.16398,-0.525395559878312,1.42638,0.0585882352941176
2021,11,461.378695477517,563.058075839519,0.18,0.08,0.536615,1.219455,1.621885,2.024315,-0.448473084197464,1.445615,0.0885
2021,12,461.087985476217,563.766403944474,0.3,0.08,0.714818181818182,1.24418636363636,1.53596363636364,1.82774090909091,-0.44505450835043,1.56203636363636,0.11
2022,1,460.702446574827,564.38272121022,0.55,0.08,0.99645,1.551355,1.850505,2.149655,-0.348809106434342,1.594495,0.0686249999999999
2022,2,461.320184568522,565.082112316795,1,0.08,1.46197368421053,1.83071578947368,2.00978947368421,2.18886315789474,-0.213501243590525,1.75271052631579,0.0550438596491228
2022,3,461.898137097458,566.110807104068,1.34,0.2,1.94219130434783,2.13866956521739,2.17949130434783,2.22031304347826,-0.838687778626019,1.99250869565217,0.288100686498856
2022,4,461.946749068892,566.497927433231,1.89,0.33,2.55723,2.794075,2.798135,2.802195,-0.311824132919593,2.184365,0.151117647058823
2022,5,461.84170574736,567.435023107244,2.06,0.77,2.6254619047619,2.88511904761905,2.96983333333333,3.05454761904762,-0.124385665061191,2.26016666666667,0.35
2022,6,461.529871878413,568.721939435673,2.65,1.21,3.03024285714286,3.19065714285714,3.22092857142857,3.2512,0.0716826772433583,2.30107142857143,0.376817042606517
2022,7,461.73260037581,568.677194582279,3.02,1.68,3.07399,2.9603,2.968315,2.97633,0.00521905693470259,2.444185,0.2685
2022,8,461.607352792843,568.752435815312,3.28,2.33,3.25904782608696,3.04141304347826,2.92745217391304,2.81349130434783,-0.0348390354176982,2.29504782608696,0.13008281573499
2022,9,461.800546029804,569.17807411146,3.89,2.56,3.90716666666667,3.70012380952381,3.55955238095238,3.41898095238095,0.0247779049991543,2.55244761904762,0.0828333333333333
2022,10,461.762134755178,569.702301422363,4.43,3.08,4.42573,4.17181,4.0375,3.90319,0.095726142738084,2.8625,0.135105263157895
2022,11,461.467685408106,569.946650758856,4.73,3.78,4.49428,4.05544,3.94066,3.82588,-0.225687262258521,2.86434,0.305642857142858
2022,12,460.283145328353,569.980122666197,4.68,4.1,4.28094285714286,3.75801428571429,3.60553809523809,3.4530619047619,-0.0118613950215918,2.75846190476191,0.256952380952382
2023,1,461.020747750536,570.530132062547,4.69,4.33,4.20546,3.61072,3.515125,3.41953,-0.0257338548001831,2.757375,0.0771666666666668
2023,2,461.156569107695,570.869041100878,4.93,4.57,4.51816842105263,3.89816842105263,3.73334210526316,3.56851578947368,-0.148058164208712,2.52415789473684,0.089707602339181
2023,3,461.532346654261,570.924419891554,4.68,4.65,4.3242,3.80891304347826,3.69401739130435,3.57912173913043,-0.182088267883392,2.84998260869565,0.218260869565218
2023,4,461.762233517733,571.326404879542,4.68,4.83,4.04253,3.50946,3.48507,3.46068,0.196899836692527,2.85743,0.107722222222223
2023,5,461.441333615486,571.477516635293,4.91,5.06,4.15040454545455,3.56232272727273,3.60851363636364,3.65470454545455,0.146946029692513,2.81648636363636,0.0162121212121225
2023,6,460.636547134984,571.735330628593,5.24,5.08,4.62981428571429,3.90051904761905,3.75382380952381,3.60712857142857,0.186655710062479,2.96017619047619,0.0666666666666664
2023,7,461.419632753362,571.904868415993,5.37,5.12,4.806775,4.088635,3.88739,3.686145,0.0266307062880098,2.95261,0.0926666666666671
2023,8,461.352816060582,572.403598068344,5.37,5.33,4.8661347826087,4.2569652173913,4.15712173913043,4.05727826086956,0.0815685060520739,2.91487826086957,0.140144927536233
2023,9,461.532940591351,572.806524717604,5.44,5.33,4.986185,4.448145,4.39503,4.341915,-0.00113538634524945,2.80497,0.1685
2023,10,460.984822687243,572.897252447976,5.42,5.33,5.0347619047619,4.7292619047619,4.86958095238095,5.0099,0.233662785529062,2.75041904761905,0.128095238095239
2023,11,461.377208336086,573.03822106196,5.28,5.33,4.83185238095238,4.44919523809524,4.56434285714286,4.67949047619048,-0.0731829364108072,2.87765714285714,0.140000000000001
2023,12,461.118307230021,573.248330376604,4.96,5.33,4.4139,3.98316,4.05825,4.13334,-0.220199548161017,2.75675,0.0751666666666662
2024,1,459.736278741455,573.590756046146,4.79,5.33,4.2776,3.95469523809524,4.08190952380952,4.20912380952381,-0.0610845463549525,2.56059047619048,0.0325108225108242
2024,2,460.801613243801,573.986364922715,4.92,5.33,4.49388,4.153,4.229645,4.30629,-0.123757986823829,2.546355,-0.0185000000000004
2024,3,460.973475248567,574.334607773396,4.99,5.33,4.55759,4.165005,4.2038,4.242595,-0.082589456578567,2.6162,0.0468333333333337
2024,4,460.760122860796,574.625430744453,5.14,5.33,4.83310454545455,4.50816818181818,4.50927272727273,4.51037727272727,-0.194390265218001,2.48322727272727,0.0873863636363632
2024,5,461.376316040611,574.665037488338,5.16,5.33,4.80205,4.44261363636364,4.45584090909091,4.46906818181818,-0.124090162180132,2.60415909090909,0.0744155844155836
2024,6,461.407046077481,574.662163333219,5.11,5.33,4.68642105263158,4.26421052631579,4.27658421052632,4.28895789473684,-0.0185395369032872,2.64091578947368,0.03328947368421
2024,7,460.492715645881,574.800986423121,4.9,5.33,4.45917272727273,4.11608181818182,4.24374090909091,4.3714,-0.0822372631842407,2.60375909090909,0.106454545454544
2024,8,460.946992883079,574.981009635782,4.43,5.33,3.93297727272727,3.69170454545454,3.87078181818182,4.04985909090909,-0.0320272782902364,2.62921818181818,0.0714772727272708
2024,9,460.325234811214,575.209951104532,4.03,5.13,3.59041,3.49213,3.722075,3.95202,-0.090260771528343,2.457925,0.138000000000001
2024,10,459.985106451049,575.436151402435,4.2,4.83,3.94054090909091,3.89001818181818,4.10773181818182,4.32544545454546,-0.352979321133816,2.32026818181818,0.111363636363638
2024,11,459.807003949778,575.716209115944,4.33,4.64,4.23814210526316,4.19712631578947,4.36742105263158,4.53771578947368,-0.21913227123305,2.43757894736842,0.11457894736842
2024,12,460.843784138235,576.08021751722,4.23,4.48,4.2067619047619,4.22125238095238,4.40377142857143,4.58629047619048,-0.453003471126169,2.31122857142857,0.189523809523809
2025,1,460.581697677383,576.546065892781,4.18,4.33,4.24836666666667,4.39789523809524,4.65471904761905,4.91154285714286,-0.295144483541017,2.30328095238095,0.119166666666667
2025,2,461.610320216467,576.761762348546,4.19,4.33,4.18465263157895,4.25038421052631,4.45793157894737,4.66547894736842,-0.251025860657662,2.38456842105263,0.120877192982456
2025,3,461.552043686259,576.711714645785,4.06,4.33,3.94910476190476,4.02219047619048,4.31069047619047,4.59919047619047,-0.0326244017160588,2.33930952380953,0.0912454212454206
2025,4,461.638605234695,576.93236180001,3.95,4.33,3.77625714285714,3.89787619047619,4.33771904761905,4.7775619047619,-0.0788534816844102,2.38728095238095,0.106336996336997
2025,5,461.477887432969,577.013185519774,4.09,4.33,3.91088571428571,4.00166190476191,4.49146666666667,4.98127142857143,-0.192736081471636,2.32453333333333,0.043626373626374
2025,6,461.984695338416,577.299754367767,4.06,4.33,3.87656,3.942425,4.43862,4.934815,-0.216314912584497,2.37888,0.0727500000000001
2025,7,462.393305723898,577.496139943103,4.08,4.33,3.85713636363636,3.92792727272727,4.44315454545455,4.95838181818182,-0.235867738219645,2.27684545454545,0.0356060606060611
2025,8,462.09126210637,577.877862369261,3.89,4.33,3.68388095238095,3.7683619047619,4.31730476190476,4.86624761904762,-0.178417292908887,2.27019523809524,0.0984126984126998
2025,9,462.279298821055,578.187867372584,3.66,4.22,3.56041428571429,3.64458095238095,4.17272380952381,4.70086666666667,-0.309422152752202,2.17977619047619,0.185108225108225
2025,11,462.450996108668,578.39205623963,3.66,3.88,3.54422222222222,3.65299444444444,4.15691666666667,4.66083888888889,-0.236391433657925,2.08058333333333,0.0827777777777778
2025,12,462.815402237847,578.698940167259,3.54,3.72,3.50480454545454,3.68164545454545,4.22329090909091,4.76493636363637,-0.245601599731182,1.96670909090909,0.147045454545455
