date,gz_spread,ebp,est_prob
1973-01-01,1.1307714053429057,-0.04326719577172788,0.19057991184653
1973-02-01,1.075493276125443,-0.05532397450234883,0.1865311628366925
1973-03-01,1.0299678416836435,-0.1473622426909389,0.15740372395317695
1973-04-01,0.9827458103604768,-0.20828991049632584,0.13986216310181998
1973-05-01,1.0464935117518377,-0.08521963626215379,0.17672402337494778
1973-06-01,1.185925775964177,0.03436211267325118,0.2179184394312875
1973-07-01,0.9810549739577188,-0.3411425329675718,0.1063604726138979
1973-08-01,0.9777605050840716,-0.2159872415631177,0.137744464204861
1973-09-01,0.8188236781169651,-0.3563901256755875,0.10292201822346005
1973-10-01,1.273250254171703,0.11630825263244328,0.24908990237939188
1973-11-01,1.3537449558224253,0.05282370009794857,0.22473806951115963
1973-12-01,1.295969416847959,-0.00837273195439447,0.20259837875072031
1974-01-01,1.1784210232542267,-0.04202807931794172,0.19099905112496096
1974-02-01,1.3067144792396042,0.15841009401458006,0.2659822366373761
1974-03-01,1.220038714401003,-0.09792282532719931,0.17265734268180935
1974-04-01,1.2539698576113811,0.08930432493673535,0.23856342058071053
1974-05-01,1.3012385977617122,0.0979965782443124,0.2419249605650362
1974-06-01,1.9017877205835212,0.7556188825474184,0.5467748306084492
1974-07-01,2.568696915547139,1.269403096306257,0.7752712952978207
1974-08-01,2.1264243722076457,0.9408688507298164,0.6360212243600007
1974-09-01,2.381902491150801,1.0027681269234374,0.6645105457595564
1974-10-01,2.5524795103497766,1.1186770589490165,0.7152940530849081
1974-11-01,2.356853811556149,1.088472310589712,0.7024165114890445
1974-12-01,2.661212477979876,1.2246465121020025,0.7582463680007396
1975-01-01,1.7337713333806513,0.3912755809956554,0.3686309140997295
1975-02-01,1.649526368358294,0.4109772903723481,0.3779056766785691
1975-03-01,1.8961250416029105,0.6037631871789753,0.4715836503116966
1975-04-01,1.5567123308218438,0.2396086487980542,0.3001206628494443
1975-05-01,1.606921254453593,0.3623120104203763,0.3551352428306012
1975-06-01,1.461922207470538,0.2560727279813755,0.3072771375616122
1975-07-01,1.4884824580177884,0.383685544452518,0.36507781890331914
1975-08-01,1.300847928813233,0.12737995697537663,0.2534761537131951
1975-09-01,1.4186685311342824,0.3028294601386945,0.32799757105219174
1975-10-01,1.3607284327062037,0.11480847281377482,0.2484988588560508
1975-11-01,1.329823154039846,0.18325356257533376,0.27621545093228017
1975-12-01,1.2541786335635057,-0.03514067229486395,0.1933390513546131
1976-01-01,0.9979908878131896,-0.16348283160450328,0.15262760208871787
1976-02-01,1.0617339891598505,-0.0817957317071294,0.17783039819191074
1976-03-01,1.011120581271097,-0.12397656815073964,0.16450507908820147
1976-04-01,1.0521076518505803,-0.06618845737363399,0.1829287885561534
1976-05-01,1.0237351420087335,-0.1250793886130197,0.16416559881393197
1976-06-01,1.0197788832302777,-0.05328973318451968,0.1872105141765232
1976-07-01,0.9837099912897176,-0.09221649788018992,0.17447667710966974
1976-08-01,0.9120648551648856,-0.17247119782217302,0.15000676442759062
1976-09-01,0.8550532640032931,-0.21001496493200245,0.13938565068180778
1976-10-01,0.9219118941699904,-0.14718670905124354,0.15745626503003557
1976-11-01,0.8555867249993262,-0.37524678437661174,0.09878230236080092
1976-12-01,1.1083337127370156,-0.04568915212556201,0.1897623012256223
1977-01-01,0.9877198594648672,-0.33159245853879415,0.108555909703756
1977-02-01,0.9379016261616826,-0.2087027498389411,0.139748023678397
1977-03-01,0.9231957678701688,-0.1777004855254113,0.14849589127736235
1977-04-01,0.8633616214622896,-0.24608816776733225,0.12967379114587804
1977-05-01,0.8099849739276472,-0.2509247983663001,0.1284081754824994
1977-06-01,0.8512871905637213,-0.26180474464040404,0.12559260181722512
1977-07-01,0.8767822191117481,-0.1807270417826662,0.147626107883502
1977-08-01,0.9251361350888264,-0.18958045446195948,0.1451014044857852
1977-09-01,0.9449811605505964,-0.1392138325202591,0.1598548725941499
1977-10-01,0.9310095841986334,-0.15382378027061594,0.15547766400074575
1977-11-01,0.9339801709741394,-0.13721235021960088,0.16046074409637648
1977-12-01,0.7853049470875838,-0.3386456652344404,0.10693134980793198
1978-01-01,0.7587030375251503,-0.3375082926271803,0.10719212717439544
1978-02-01,0.7141317271766402,-0.3432473816003482,0.10588093798163828
1978-03-01,0.7198637386015848,-0.34053452388820793,0.1064992830591962
1978-04-01,0.7353117681645004,-0.28830455440112035,0.11891593720925768
1978-05-01,0.7776714269052935,-0.24888916434675337,0.1289397970161892
1978-06-01,0.6222007182807374,-0.45962941092047904,0.0817439104298326
1978-07-01,0.6187085690170846,-0.3744288996361574,0.09895929127348524
1978-08-01,0.5981373777490661,-0.3993702385522716,0.09366572678161277
1978-09-01,0.6381015099065186,-0.3232273971859596,0.11050555050991498
1978-10-01,0.5641497987359325,-0.4974584371782813,0.07486716861104187
1978-11-01,0.6759448970423942,-0.2412616318635392,0.1309453519919448
1978-12-01,0.6532541104105585,-0.3800262643279893,0.0977526611158982
1979-01-01,0.702604369050579,-0.25506164981648594,0.1273324979319695
1979-02-01,0.6671887115386741,-0.31626523874275125,0.11214725605654616
1979-03-01,0.658788911062305,-0.17665955003667677,0.14879582970789992
1979-04-01,0.6687966878187225,-0.21260136572467617,0.1386732797165464
1979-05-01,0.7217913940558555,-0.24415282895981671,0.13018262929239838
1979-06-01,0.7660561848487495,-0.1524326833827674,0.15589100414316687
1979-07-01,0.6711907137257954,-0.24351325464408655,0.13035108913148347
1979-08-01,0.6016968629727698,-0.3266433143438646,0.1097063934143483
1979-09-01,0.7589592705917176,-0.08876444279413509,0.17558317675872828
1979-10-01,0.8097016210920253,-0.6247654288908767,0.05493752958457423
1979-11-01,0.9268355130497898,0.00308457694226127,0.2066412599953019
1979-12-01,0.9386543194854636,0.2122708435952938,0.2884073761451461
1980-01-01,0.8763089833017584,-0.0185589189160128,0.19904404099993947
1980-02-01,1.016067906224119,-0.30161279564662546,0.11565914610785567
1980-03-01,1.0779462855935016,0.34684729670191805,0.34800189555445027
1980-04-01,1.306321372138604,-0.31103544774058856,0.11339187709774902
1980-05-01,1.1979530040650532,0.13432483314345856,0.25624806133191025
1980-06-01,1.204192091752856,-0.00332750147071814,0.20437280608795985
1980-07-01,1.2144844853760512,0.21346756121606816,0.2889155890167795
1980-08-01,1.0731475421908905,0.0783917583735827,0.23437967144687177
1980-09-01,1.0790368515085909,0.05179299877334209,0.22435417121446116
1980-10-01,0.947510899515386,-0.10548892217707462,0.17026378476020185
1980-11-01,1.0484299435797464,0.3594701750820175,0.3538204983544953
1980-12-01,1.201437964383504,0.15566363780055317,0.2648628534550366
1981-01-01,1.1489316395602571,0.43265441880219113,0.3881921324402406
1981-02-01,0.9982558088979854,0.1931013486010974,0.2803246368914968
1981-03-01,0.9991969633732846,0.05949344124215727,0.22723128885810617
1981-04-01,1.188618422246655,0.5619215132040442,0.4509298072067395
1981-05-01,1.251470971544342,0.3993256901353601,0.3724116867273535
1981-06-01,1.179596752082935,0.484799959283985,0.4132471240386438
1981-07-01,1.1739456995586088,0.4687911700052592,0.405512391242263
1981-08-01,1.08259468139171,0.3120530682712781,0.33215102869451935
1981-09-01,1.231564533964261,0.44371815628325095,0.3934731132797674
1981-10-01,1.3323218953955485,0.5616554059190305,0.45079881600379057
1981-11-01,1.4975239359945196,0.2554379553357564,0.30699983087624616
1981-12-01,1.479355817462738,0.5715534003856046,0.4556745857412406
1982-01-01,1.4852202076580372,0.758541015988136,0.548213972751098
1982-02-01,1.4846150833783112,0.5438010103097197,0.4420229471787304
1982-03-01,1.6644166899655897,0.966711259558237,0.6480177695381605
1982-04-01,1.6758393723413882,0.860286599121344,0.597798729429902
1982-05-01,1.5496045516876424,0.7823649149596196,0.5599218832023235
1982-06-01,1.5943758081493684,0.7668039066186333,0.5522799331565997
1982-07-01,1.6682357309260138,0.7020663707747187,0.5203108028075598
1982-08-01,1.7438944272751378,0.0167899997687746,0.21153965095864852
1982-09-01,1.6815517600909045,0.5082215399588046,0.4246235045891774
1982-10-01,1.8146040324535653,0.2547685586371846,0.30670751789326334
1982-11-01,1.6023145384723847,0.5223462867919406,0.4315153258795736
1982-12-01,1.6205010021247692,0.6666984204463235,0.5027764737739259
1983-01-01,1.294266901043338,0.28264188357004705,0.31898140611692594
1983-02-01,1.366585027386851,0.23764534409017668,0.2992723225510827
1983-03-01,1.0540197426826072,0.15939541732678897,0.26638441178825
1983-04-01,0.9978546575330448,0.073795727239985065,0.23262983401848716
1983-05-01,0.9268887462540316,-0.11684700592950514,0.16671073557375693
1983-06-01,0.9129636996378566,0.04413815746599325,0.22151469940736307
1983-07-01,0.9203401442514324,-0.11102968345613584,0.16852449868821295
1983-08-01,0.8549965276819984,-0.17690719485964457,0.14872443587055736
1983-09-01,0.9431996460875716,-0.07903935916850424,0.17872423888263125
1983-10-01,0.8729571645264135,-0.10321762409227508,0.17098007360987655
1983-11-01,0.9464674294350376,0.01893238188312496,0.2123114472555412
1983-12-01,0.9662728531907336,0.07248153362160747,0.23213082224326817
1984-01-01,0.9245858531474848,-0.00811877453627962,0.20268747588266095
1984-02-01,0.9103033098222356,-0.0838774185509461,0.1771572178951076
1984-03-01,0.951469690999222,-0.0077748341186995,0.20280817951640456
1984-04-01,0.9640538555113872,0.05905548556259443,0.2270670997195786
1984-05-01,0.7599568765231222,-0.3661042221091044,0.10077394963900968
1984-06-01,0.7834195920429168,-0.07616154853878143,0.1796604723791129
1984-07-01,0.915302548771836,-0.16701284092188928,0.151594717773891
1984-08-01,0.9157287712330392,0.14079753829593167,0.2588456674662683
1984-09-01,0.9061431005259268,-0.06701620703054978,0.18265612018568203
1984-10-01,0.931165565570627,-0.2597576620892623,0.12611904036884233
1984-11-01,0.9512696600236864,-0.13723119648851845,0.16045503212797127
1984-12-01,0.9565824348689572,-0.02222999432343841,0.1977723336818345
1985-01-01,1.0519381189768462,-0.15793943875836924,0.15425900586352162
1985-02-01,0.9405876170997012,-0.1864879281802655,0.14597996880808695
1985-03-01,0.9706894728250528,0.0472433900454392,0.2226640643615605
1985-04-01,1.061068733819435,-0.08119750919236668,0.17802415073339933
1985-05-01,1.1991082705631746,-0.2922203451733676,0.11795101175006992
1985-06-01,1.1697971611050744,0.02229990285775418,0.2135279221890171
1985-07-01,1.1333078735846984,-0.02200660764351969,0.19784957710941037
1985-08-01,1.1611328656795772,0.00414033797406188,0.20701618983312917
1985-09-01,1.1356248045926107,0.0839681517874109,0.2365125048739241
1985-10-01,1.2284311223784024,0.14518592762037708,0.2606145208648582
1985-11-01,1.2895870431877798,0.17014947509844447,0.2707937589457453
1985-12-01,1.3748789370417211,-0.04896709318951831,0.1886591664393832
1986-01-01,1.328334663563506,0.1822943502355261,0.2758167857746784
1986-02-01,1.5497237045603347,-0.2018557400012544,0.14164923531450915
1986-03-01,1.9991487519450328,0.5620940748583008,0.4510147534683629
1986-04-01,1.9184641059649592,0.5108031448745245,0.4258814799560501
1986-05-01,1.5866962357352212,0.00938569207704032,0.2088849187297717
1986-06-01,1.9003727235973953,0.08592797667013197,0.2372646185096067
1986-07-01,2.0692244812858496,0.6880371316905733,0.5133583529754144
1986-08-01,2.231424460367828,0.6551344759637967,0.4970406154393712
1986-09-01,1.9022360236631717,0.3021425918005869,0.32768911054586203
1986-10-01,1.9137912097627143,0.4797546170774451,0.41080565192785345
1986-11-01,2.028667375395258,0.5882778942913585,0.4639279103553272
1986-12-01,1.930246589778661,0.6102732514317071,0.4748054491667861
1987-01-01,1.8012622410758348,0.47031644810179585,0.40624780021718576
1987-02-01,1.9024488648189863,0.5389325911079272,0.43963474500798583
1987-03-01,1.8239814018725848,0.42805197234456305,0.3860012896043234
1987-04-01,1.7103216658632594,-0.26476453408652145,0.12483416105279475
1987-05-01,1.68388721748476,0.1697214505020126,0.2706175677897284
1987-06-01,1.639050457817809,0.15418984627550336,0.26426316365180913
1987-07-01,1.594127177127132,0.2263995879670324,0.2944341573365991
1987-08-01,1.5160015599025936,0.22285151193904865,0.2929152262830438
1987-09-01,1.4993881575531094,0.21712641747508063,0.2904720122158764
1987-10-01,1.6241249060666865,-0.6629766751551098,0.0498546965115063
1987-11-01,1.6043764806399006,0.21580433525326037,0.2899091653231206
1987-12-01,1.5739394552917203,-0.02992095550553397,0.1951240526185771
1988-01-01,1.642292720468512,-0.16931367709813985,0.15092399778424137
1988-02-01,1.5964031008325026,0.16532942962664743,0.26881296016762946
1988-03-01,1.4943899163805952,-0.09746249872065448,0.17280365743505918
1988-04-01,1.394489346097105,-0.0275490415577666,0.1959384820522076
1988-05-01,1.4005998368546866,0.05105124080510936,0.22407812417474796
1988-06-01,1.461479289175077,0.1487519034406466,0.262056447941173
1988-07-01,1.352658344162862,-0.13309219485282542,0.16171267896366276
1988-08-01,1.3358934015049817,0.03568046199050756,0.21840144035451792
1988-09-01,1.4314266115200294,0.2196271814079822,0.291538052880839
1988-10-01,1.556773251364014,0.3249151867787836,0.3379774326457593
1988-11-01,1.4785730124629266,0.22765628490088008,0.2949730198307621
1988-12-01,1.491305310749086,0.3627487364019917,0.35533744283359436
1989-01-01,1.5547748210063714,0.3618323337991123,0.35491320408617677
1989-02-01,1.4457451433967528,0.24955061607860807,0.30443316417615623
1989-03-01,1.521796417969204,0.4798333041133962,0.4108437028157996
1989-04-01,1.5762463223027845,0.5642360316496515,0.45206935183728386
1989-05-01,1.627533859086566,0.3902533140024571,0.3681517013790051
1989-06-01,1.828941160853612,0.6472782012780243,0.4931440834993122
1989-07-01,1.957873517878501,0.8713788458732588,0.6031252347264325
1989-08-01,1.7728031516570917,0.5896942100788942,0.4646276081243035
1989-09-01,1.6098494298780603,0.6316282092788912,0.4853843619454572
1989-10-01,1.5479655398984602,0.518628973235582,0.4296994427835185
1989-11-01,1.54437498183621,0.6359287768529321,0.4875162816358372
1989-12-01,1.4583979179545183,0.529557920717007,0.4350422584747839
1990-01-01,1.353000376120297,0.2674802967820129,0.3122793126663532
1990-02-01,1.3481455158781577,0.40043737632129006,0.37293477260225943
1990-03-01,1.342693439550254,0.4234771160011363,0.38382717702376645
1990-04-01,1.2768704962813933,0.18610894481052687,0.2774038680961658
1990-05-01,1.1438834400060625,0.09948165629316108,0.24250184141766176
1990-06-01,1.16396636073479,0.15113159003218946,0.2630209606253273
1990-07-01,1.1153271973470955,0.08215203277610361,0.23581671351575756
1990-08-01,1.0449809382742012,-0.22051760316483127,0.1365083463484576
1990-09-01,1.0662999533630766,-0.0055936155667744,0.2035746630940735
1990-10-01,1.323732043990583,0.1724025981974091,0.2717221729074122
1990-11-01,1.4659013762689967,0.27534349958526905,0.31574762887568747
1990-12-01,1.4681418916324196,0.3514307622941133,0.35011062631710754
1991-01-01,1.4811933533571378,0.3724829039361621,0.3598547470786083
1991-02-01,1.329468144946888,0.3027429154646142,0.3279586988931008
1991-03-01,1.288112556455963,0.23728280516196176,0.29911578922447213
1991-04-01,1.2895749714037532,0.20191771286273208,0.2840283792191611
1991-05-01,1.24254903373424,0.1861869426932492,0.2774363660503816
1991-06-01,1.219053645634931,0.0977488805561082,0.24182881450886423
1991-07-01,1.3049049073262844,0.19451340664951575,0.280916264395467
1991-08-01,1.2288004143189024,0.13845801422269433,0.25790520704613895
1991-09-01,1.3313648828634703,0.171691143254199,0.27142884221088426
1991-10-01,1.3086918230970053,0.15677197401376697,0.2653142937554117
1991-11-01,1.3010046608973738,0.1675582454659288,0.2697279874147679
1991-12-01,1.4660034604411245,0.18075800087915472,0.27517884221428435
1992-01-01,1.2794536211254657,0.05536618930351666,0.22568664423760992
1992-02-01,1.242899862440982,0.10256897750640204,0.2437034968459404
1992-03-01,1.1699083103909609,0.04633951974223427,0.22232915723389407
1992-04-01,1.175509784223132,0.03857139537649501,0.21946274147094813
1992-05-01,1.1843820679140804,0.00535733586310982,0.2074488783562632
1992-06-01,1.172716978626827,0.00268385085234079,0.20649905646777272
1992-07-01,1.2350408369293928,-0.06305787768700144,0.18396232567502885
1992-08-01,1.3799484301665772,0.08144517341739332,0.2355462070251242
1992-09-01,1.500225097394876,0.1799720541511165,0.27485277201291997
1992-10-01,1.393902458396458,0.11031276969052528,0.24673164806305592
1992-11-01,1.2645266161700814,0.07138896640638981,0.23171641808125212
1992-12-01,1.3295045115637305,0.10580666901701496,0.24496712523331143
1993-01-01,1.355951641874794,0.0690820192944579,0.23084276254758057
1993-02-01,1.3965432285368893,0.06261971588236848,0.2284052676612376
1993-03-01,1.3454621283300705,0.03273988702968555,0.21732495409971184
1993-04-01,1.3935857024107212,0.06553157746315974,0.22950178885667563
1993-05-01,1.3054661954946778,0.03499194238706371,0.21814911196275863
1993-06-01,1.2981601902812958,-0.03207394273535002,0.1943865790353468
1993-07-01,1.2721859437250171,-0.03860313299634721,0.1921604995435421
1993-08-01,1.3625285071977742,-0.03798329200216321,0.19237115732677423
1993-09-01,1.3998979187338974,0.05121486161799016,0.224138999469617
1993-10-01,1.3367448488358842,-0.0232484954531702,0.19742038380114385
1993-11-01,1.2544880900996584,-0.11799133579459986,0.1663554369922367
1993-12-01,1.2250751399134472,-0.15607628875144997,0.1548099051467922
1994-01-01,1.18684313879281,-0.23166876188043228,0.13349812721527296
1994-02-01,1.0968800713628677,-0.4236928823512598,0.08870773798632471
1994-03-01,1.1755918513296757,-0.3077604132740719,0.11417629087314632
1994-04-01,1.1879849829668934,-0.2665045335965641,0.12438978593402282
1994-05-01,1.2113674560872132,-0.271466900382354,0.12312853679350746
1994-06-01,1.1748465768652063,-0.3165904567057849,0.11207018225942685
1994-07-01,1.1696839016010063,-0.29186485229154524,0.11803838268145884
1994-08-01,1.1477256712956685,-0.26219895710394514,0.1254914003833323
1994-09-01,1.1327907919544653,-0.38403997703953574,0.0968940847783084
1994-10-01,1.1500297873729357,-0.30318267007127075,0.11527918537783478
1994-11-01,1.219551405021898,-0.22844478241500843,0.13436370000444567
1994-12-01,1.245588667914712,-0.17706706489299306,0.1486783589013138
1995-01-01,1.2376204091901175,-0.2214760452151927,0.13624780896898367
1995-02-01,1.2088059775581974,-0.2543305440641064,0.12752214504640505
1995-03-01,1.2078650507605075,-0.2630571174416081,0.12527129201368292
1995-04-01,1.183477000313479,-0.2035360305377616,0.14118105399943076
1995-05-01,1.2813010454586733,-0.2908235488605764,0.11829457146432765
1995-06-01,1.3072308326919748,-0.10703205315700905,0.16977823301226783
1995-07-01,1.2247000578450402,-0.27620275337538547,0.12193324365344552
1995-08-01,1.2437997207484637,-0.16962820282501667,0.1508324636430778
1995-09-01,1.2399793988750591,-0.12789474882857554,0.16330101102510222
1995-10-01,1.313574129636491,-0.09125617583231826,0.17478404700542513
1995-11-01,1.358512931554788,-0.00944669228824435,0.2022218548585339
1995-12-01,1.372109117508295,-0.02172807602694559,0.1979459142725598
1996-01-01,1.3535891710896124,-0.06940741258864236,0.1818698614986769
1996-02-01,1.2660126664666465,-0.2779635158463616,0.12149092591274475
1996-03-01,1.2248624597498483,-0.30306161717483815,0.11530845251136364
1996-04-01,1.2275426310800963,-0.2537956606914149,0.12766101688451892
1996-05-01,1.173951392709142,-0.2868192587245013,0.1192833967002684
1996-06-01,1.2378641745844523,-0.24019444439703963,0.13122766394006638
1996-07-01,1.250432484837979,-0.28884325233752284,0.1187828620597092
1996-08-01,1.220289058995749,-0.3589302832303565,0.10235712999610871
1996-09-01,1.204128297221062,-0.3539176761386833,0.1034740211671528
1996-10-01,1.2458245076563657,-0.2973722267759553,0.11668994639608382
1996-11-01,1.293653400846767,-0.24872716862239663,0.12898216892514708
1996-12-01,1.2157914465016706,-0.37076485395171543,0.09975503266695024
1997-01-01,1.2492595672741846,-0.31984304034733935,0.111301431143122
1997-02-01,1.183749164449512,-0.4358043518879125,0.0863130318884012
1997-03-01,1.1872482912305606,-0.4657027827986618,0.08060886878293838
1997-04-01,1.1921553480545748,-0.41530346945667374,0.09039528847276695
1997-05-01,1.1503118443016456,-0.41432689111989407,0.09059326821358162
1997-06-01,1.1253428701756425,-0.513948905317624,0.07201134948422687
1997-07-01,1.182791168896258,-0.4902757627708232,0.0761377489926458
1997-08-01,1.123788043465732,-0.4920100684319533,0.07582946568699041
1997-09-01,1.1348460962459217,-0.5435016250671154,0.06710335602792836
1997-10-01,1.2675429750986125,-0.4174305072912343,0.089965190658298555
1997-11-01,1.291483356687293,-0.31128748885005764,0.11333166961128392
1997-12-01,1.2848991315655756,-0.3763139768980148,0.0985517121248351
1998-01-01,1.3324764948963344,-0.33153558107208125,0.10856908201769516
1998-02-01,1.300507169835315,-0.30677585683555364,0.11441285886676626
1998-03-01,1.2807110816305671,-0.358139437826855,0.1025327584512915
1998-04-01,1.1931878821197677,-0.39091843814038696,0.0954356044525782
1998-05-01,1.2049649621035616,-0.3460075248666805,0.1052544823307763
1998-06-01,1.304477392053375,-0.30755260036168464,0.1142261948718334
1998-07-01,1.351531588162124,-0.26838502381995455,0.12391077623749364
1998-08-01,1.9823382484716956,0.13174744329132126,0.25521750721239655
1998-09-01,2.0939971059121394,0.1153495947150176,0.2487120216796454
1998-10-01,2.231529067261861,0.23158109627757684,0.2966588687809536
1998-11-01,1.9704781514693368,0.2125277733970219,0.28851645159316863
1998-12-01,1.931560859653758,0.07773408694868555,0.23412883185743755
1999-01-01,1.8910240518719068,0.06910668406769305,0.2308520935151372
1999-02-01,1.7647874110936752,-0.1529090874488177,0.1557493675086861
1999-03-01,1.6627708467708866,-0.14386924681554314,0.1584514216192761
1999-04-01,1.61081396376359,-0.18430778269891945,0.14660147606378396
1999-05-01,1.6458082656553763,-0.18126179182285695,0.14747278480336554
1999-06-01,1.6858768196852143,-0.1185654185090661,0.16617737657543957
1999-07-01,1.7423784548501322,-0.06985733333545951,0.18172215882349815
1999-08-01,1.9586411946480329,-0.00993097020672939,0.202052207029466
1999-09-01,2.0206204322703125,0.12242873137598707,0.251509635246255
1999-10-01,2.0866789305995903,0.13676091692479853,0.25722410557756087
1999-11-01,2.037546173748062,0.10159182960565616,0.2433228213559932
1999-12-01,1.862697629054356,-0.12644390886783063,0.16374618907048122
2000-01-01,1.951746674154659,0.05740889276628724,0.22645039261274016
2000-02-01,2.122063749705321,0.1472794638097692,0.2614605614789729
2000-03-01,2.4724797336204185,0.4127517674377117,0.37874458482888246
2000-04-01,2.6326045966269307,0.5700309511836652,0.4549241712345557
2000-05-01,2.802786292820378,0.7515027861473209,0.5447466269821604
2000-06-01,2.8122246765252883,0.795601338041064,0.5664048283882855
2000-07-01,2.9290527958432584,0.8752451381188435,0.6049773736226458
2000-08-01,3.051138311629874,1.027367631475017,0.6755857191965746
2000-09-01,3.199956227897844,1.1339531916774646,0.7217040194547921
2000-10-01,3.635501030687768,1.5251717322212643,0.8586613681954461
2000-11-01,3.7367477473529096,1.6080920744476843,0.8804864006840847
2000-12-01,3.7571032536719464,1.6071229099935658,0.8802458726769586
2001-01-01,3.370642447300915,1.1528141771126057,0.7295198639530566
2001-02-01,3.292957190620823,1.1823819881951645,0.7415476366147759
2001-03-01,3.249290427478023,1.1125526085439166,0.7127045487893509
2001-04-01,3.172554202298158,0.9256135225849008,0.6288754168479925
2001-05-01,2.968723805976939,0.7820429560051378,0.5597639863057075
2001-06-01,3.0764290736696873,1.021962528880159,0.6731650830176079
2001-07-01,3.0117005556463217,0.7902455551713397,0.5637837189250781
2001-08-01,3.003516881008127,0.7697095184281335,0.5537084294408865
2001-09-01,3.5172105122612867,1.2339110542943246,0.7618269396935616
2001-10-01,3.417345785311736,1.0513161767127377,0.6862207364095299
2001-11-01,2.969791665177343,-0.07741919537181019,0.17925094567909175
2001-12-01,2.8843698750408246,0.41427573916724914,0.3794655196502068
2002-01-01,2.920527776772775,0.5740674419183325,0.4569141006249833
2002-02-01,2.958090585289686,0.7884975273814012,0.562927625152757
2002-03-01,2.6166188563709696,0.2903241437508228,0.3224002159432888
2002-04-01,2.658459443149495,0.42404918574151473,0.3840988437911445
2002-05-01,2.73463728322125,0.5211837165688178,0.4309472605778905
2002-06-01,3.2774888967934257,0.9741544049727856,0.651446483872783
2002-07-01,4.091923009031274,1.5992112453931917,0.878269577914012
2002-08-01,3.9681842117671433,1.4955443178977137,0.8502457300211204
2002-09-01,4.296627011872055,1.67925632317533,0.8972259808073262
2002-10-01,4.3470043902468944,1.4765784843177987,0.8446864607235446
2002-11-01,3.774240172865568,1.0593861285687771,0.6897704208599962
2002-12-01,3.678170983408556,0.920458219332056,0.62645037814532
2003-01-01,3.562984513458865,0.8679420874485344,0.6014769064104787
2003-02-01,3.4491588116232954,0.6661581437296138,0.5025084934626498
2003-03-01,3.2069138402586472,0.1547623166492107,0.2644960212655425
2003-04-01,2.7286779273699797,0.06173730469664207,0.22807355978172603
2003-05-01,2.804684502891423,-0.4737467929643669,0.0791239143197616
2003-06-01,2.5407174376511183,-0.3739021297075591,0.09907340617716806
2003-07-01,2.4420962025251987,-1.061191875031883,0.01612183722593252
2003-08-01,2.3966710255195864,-0.200544034384337,0.14201544757245607
2003-09-01,2.422968808832967,-0.5420490927541466,0.06733838090420463
2003-10-01,2.1027438622236847,-0.5232131946807699,0.07044401728635713
2003-11-01,2.00841067750452,-0.549196423732639,0.06618803209935387
2003-12-01,1.9178418291929265,-0.5166920749608224,0.07154449895204654
2004-01-01,1.789382741289964,-0.7090273654960542,0.04423537260343297
2004-02-01,1.9030963038824733,-0.346058778176227,0.105242875044414
2004-03-01,1.9172389986233151,-0.5280718631267294,0.06963258022509933
2004-04-01,1.7469234840325616,-0.7610725382575458,0.03851126687671609
2004-05-01,1.8923534946015337,-0.382815870688116,0.09715534545187172
2004-06-01,1.803104308347058,-0.3902802853978784,0.09557023178128315
2004-07-01,1.72978803047843,-0.32723759246197326,0.10956778623923104
2004-08-01,1.854785625263608,-0.4305753588514063,0.0873409214773101
2004-09-01,1.7433738815547837,-0.5508019015724301,0.06593173935789097
2004-10-01,1.7348672231747069,-0.5355900620922023,0.06839118771810612
2004-11-01,1.527808172086814,-0.6738514131206115,0.04847885630683599
2004-12-01,1.4593200821488044,-0.7193662341366827,0.04304672364890341
2005-01-01,1.694157418561368,-0.7039753919396143,0.04482574050224948
2005-02-01,1.5487873461845,-0.9295049849778464,0.02398429816968756
2005-03-01,1.84029884526466,-0.6410002644683406,0.0527300641725114
2005-04-01,2.123849804550002,-0.38636344625108343,0.09639960680316707
2005-05-01,2.095573548080987,-0.30769010232520877,0.11419317354033744
2005-06-01,1.9517064141976743,-0.4524552927979339,0.08310014054756189
2005-07-01,1.7112655755249837,-0.5559544399026861,0.06511439922417069
2005-08-01,1.799036344160574,-0.553618456129134,0.06548397351265059
2005-09-01,1.8192294221802885,-0.46296687589091734,0.08111869544075995
2005-10-01,1.868970152017997,-0.34657439112862787,0.10512615621131643
2005-11-01,1.8766400461010648,-0.3166134133647911,0.11206474316432184
2005-12-01,1.938260244880912,-0.28688843116547447,0.11926626579069192
2006-01-01,1.7809856727547158,-0.35962080804686636,0.1022039594152683
2006-02-01,1.7325564182649502,-0.316719959742745,0.11203950172264746
2006-03-01,1.703692940493609,-0.4024703172628712,0.0930226564959768
2006-04-01,1.6274586663381525,-0.44115692717254307,0.08527024662668609
2006-05-01,1.6407348939685076,-0.3448019946368843,0.10552776473412268
2006-06-01,1.7498725594804556,-0.3513449477314148,0.10405069051566292
2006-07-01,1.7956068257685596,-0.25288431011867507,0.12789787303866834
2006-08-01,1.804405126510942,-0.2793105377638112,0.12115330550593756
2006-09-01,1.8165557420703131,-0.337961890401103,0.10708807112559432
2006-10-01,1.7122396586037132,-0.3697792973705156,0.09996986713857058
2006-11-01,1.7008695785119523,-0.3388201374339792,0.10689138725686564
2006-12-01,1.5890978284489394,-0.4714136077641968,0.07955248018248205
2007-01-01,1.4951865175440908,-0.5325870245219166,0.06888498045345944
2007-02-01,1.5323029579448273,-0.5290408035260048,0.06947162335570604
2007-03-01,1.5917297287864896,-0.3426225070645881,0.1060231359043991
2007-04-01,1.562129081402342,-0.3451873572369186,0.1054403509028945
2007-05-01,1.471194593637376,-0.5704189786993001,0.06286190747227792
2007-06-01,1.633249752242368,-0.3611595721140388,0.10186323430403614
2007-07-01,2.1365167025746694,0.04630462609668884,0.22231623400700673
2007-08-01,2.2850340752048672,0.15293310963613882,0.2637523407982336
2007-09-01,2.2533671596213987,0.08648901961559474,0.237480169171219
2007-10-01,2.1881437218423065,0.00531006479676632,0.2074320617417485
2007-11-01,2.76134197117763,0.3535539806839796,0.35108903604835373
2007-12-01,2.847961743494156,0.5090846914785478,0.42504401995041013
2008-01-01,3.2658149715291525,0.7301906933295341,0.5342276148236378
2008-02-01,3.5365947591714133,0.9383957020983376,0.6348658992873635
2008-03-01,3.7711590157616417,1.1632894962940816,0.7338128719939148
2008-04-01,3.267143026048855,0.6761376666399461,0.5074580840812918
2008-05-01,3.110440973125883,0.6840622755200005,0.5113877088442622
2008-06-01,3.4359653824443845,0.8250944170579273,0.5807833954725978
2008-07-01,3.669490580340298,1.078594848127142,0.6981483825286556
2008-08-01,3.776027124551635,1.2269937949886986,0.7591563027621611
2008-09-01,4.7761317537836,1.786380201266124,0.9191073925410536
2008-10-01,7.1380297704125555,3.4300982753589446,0.9997121110913508
2008-11-01,7.844395345971491,3.1907458052042186,0.9991700802063938
2008-12-01,7.660285079980124,3.3713060668851353,0.9996237184092976
2009-01-01,6.388291569059764,2.825826021348969,0.9964430610542888
2009-02-01,6.198652059657287,3.1923422627686535,0.9991756938129488
2009-03-01,6.316331773799217,2.775312553843542,0.995713911584176
2009-04-01,5.42293669335514,2.26251937638359,0.976764520000708
2009-05-01,4.811100623482517,1.375592969611681,0.8128234425426797
2009-06-01,4.171172307299493,0.934604499066487,0.6330924726447178
2009-07-01,3.557523334059841,0.330432634159906,0.3404888266313141
2009-08-01,3.3379648422287085,0.06582299842036443,0.229611691540675
2009-09-01,2.977804360302778,0.06053498354640663,0.22762203065695635
2009-10-01,2.861571860124334,-0.1405718326008798,0.15944464372127704
2009-11-01,2.8559688695180903,-0.00356123663486274,0.2042903966879017
2009-12-01,2.421946275380708,-0.4748415771112011,0.07892342500682907
2010-01-01,2.410360176256397,-0.19490401572686844,0.1435973705428795
2010-02-01,2.4455255383742776,0.00122233360387502,0.2059809071592
2010-03-01,2.2364101938903507,-0.15501586074863472,0.15512403393271165
2010-04-01,2.1275241361468615,-0.2689187135624618,0.12377506710519735
2010-05-01,2.5867768470184913,-0.12058298801412803,0.16555257399353868
2010-06-01,2.718864675306113,0.05668990066124824,0.22618140164696549
2010-07-01,2.5588452581188297,0.1842893061177966,0.2766462410596366
2010-08-01,2.706907948356212,-0.26521583335048193,0.12471879820551277
2010-09-01,2.5461071749243747,0.01322323861955832,0.210258370412792
2010-10-01,2.418150617181132,0.01146671118803377,0.2096290550458043
2010-11-01,2.4216672443642424,-0.11584333604927231,0.16702276395039473
2010-12-01,2.231902166392352,-0.39401141839685616,0.09478507415384528
2011-01-01,2.12096919047592,-0.00652806055780441,0.2032460863701461
2011-02-01,2.011119557708599,-0.2557372438617236,0.12715742490398238
2011-03-01,1.977927331630352,-0.29756736649295035,0.11664236918797148
2011-04-01,1.9900403206658832,-0.24708213703120285,0.12941299343667742
2011-05-01,2.0755319196162487,-0.12037280554453256,0.1656175924857434
2011-06-01,2.16296703659615,-0.0035158332985703,0.20430640326422808
2011-07-01,2.230047560528791,-0.04401379696774121,0.1903276419095816
2011-08-01,2.833728165825183,-0.07511869309319685,0.180000502207766
2011-09-01,3.119604705232815,0.46109005401441694,0.40180446002750136
2011-10-01,2.811555805412423,-0.06576199563715468,0.18306936808016716
2011-11-01,2.9969737428104626,0.5229945718462417,0.4318321582342297
2011-12-01,2.887846248209311,0.30602720236475767,0.32943516311274934
2012-01-01,2.7676881241976568,0.2096531360194196,0.28729717965371737
2012-02-01,2.520186964460113,0.08260806235417828,0.2359913213462733
2012-03-01,2.4474592279630736,-0.31598911935891083,0.11221272365596474
2012-04-01,2.538137915788065,-0.1356733322068817,0.16092764142574142
2012-05-01,2.8088297117930634,-0.04744036832109621,0.18917246679426608
2012-06-01,2.7603354416966597,0.19279198868382383,0.2801951011515291
2012-07-01,2.6123006565514704,0.02507559073431098,0.21453365155819945
2012-08-01,2.5389020069430797,-0.17598493080343625,0.14899043270191856
2012-09-01,2.4161729285678466,-0.12554002080655025,0.1640239374242552
2012-10-01,2.255822917817379,-0.1583515657136374,0.15413732280322506
2012-11-01,2.350731439229929,-0.02870617599934322,0.19554090660145135
2012-12-01,2.2472953002578637,-0.14470450069285068,0.15820047836608633
2013-01-01,2.12741943175995,-0.0763127285634142,0.17961121266312302
2013-02-01,2.174290532518122,-0.01268306760686055,0.20108973579155645
2013-03-01,2.150776411008801,-0.07717711581222497,0.1793297282246363
2013-04-01,2.0909162609731275,-0.10345692603555667,0.17090451532935672
2013-05-01,2.0012292470305635,-0.4773191059559245,0.07847113291160204
2013-06-01,2.1764912515128536,-0.3415734232466665,0.1062621781018782
2013-07-01,2.0514787645243766,-0.00350171215514327,0.2043113817105343
2013-08-01,2.023707017181413,-0.11670803562324394,0.16675391724932323
2013-09-01,2.0944296946921708,-0.1252045413913101,0.16412710186977866
2013-10-01,1.998575804444788,-0.0308656451042395,0.19480025416570343
2013-11-01,1.9520909285989307,0.00814162048458477,0.20844080454866548
2013-12-01,1.7975490277920327,-0.14833691298399754,0.15711219337396873
2014-01-01,1.8548803562631495,-0.30013260143120224,0.11601821534171088
2014-02-01,1.7555857707019369,-0.20226976022227008,0.14153377884576152
2014-03-01,1.7056108603896605,-0.27131266523963515,0.12316760217160493
2014-04-01,1.6496864261208846,-0.3530112549864295,0.10367692749963382
2014-05-01,1.6479140874895015,-0.36811111211858494,0.10033427260396233
2014-06-01,1.61700846123496,-0.30528389664645195,0.114772009907476
2014-07-01,1.674983802862948,-0.3172528164374786,0.11191332594264934
2014-08-01,1.6716660913902734,-0.31050083375489446,0.113519660992602
2014-09-01,1.8217133710819335,-0.2135412071518521,0.1384150351252616
2014-10-01,1.9238379707890092,-0.2112295134898472,0.13905081877764644
2014-11-01,2.0873071283524887,0.06270215632527298,0.22843627175284345
2014-12-01,2.1789462623808906,0.08583032997948026,0.2372271139874
2015-01-01,2.2573650196858748,-0.03525376809084557,0.19330048628030663
2015-02-01,2.0129841359402225,-0.2855732817962675,0.1195922666713344
2015-03-01,2.123485207733539,-0.12659567254430115,0.16369958480433605
2015-04-01,2.093875395082644,0.00641707146901637,0.20782608928463117
2015-05-01,2.100065928324434,0.0517452120523032,0.22433638145409387
2015-06-01,2.2186723027722204,0.14818555962273106,0.2618271700353597
2015-07-01,2.3525915555246084,0.2115764660271746,0.28811268652706523
2015-08-01,2.46528808446267,0.3988541082803403,0.3721898625629467
2015-09-01,2.679080027043383,0.5377191302971771,0.439039820396422
2015-10-01,2.453369279631448,0.423202150315765,0.3836966205231893
2015-11-01,2.5098478472125523,0.5094424669404676,0.4252183481912018
2015-12-01,2.7212473782824076,0.6803080452635317,0.5095261899201239
2016-01-01,3.1128751750469603,0.9188868759956424,0.6257102212290746
2016-02-01,3.128889557817826,0.9502258109086176,0.6403810481586929
2016-03-01,2.71276538527658,0.5824553795674601,0.4610526281784066
2016-04-01,2.436361233496931,0.23856040555233715,0.29966758355183876
2016-05-01,2.405362522681947,0.2508951297689386,0.3050184816532695
2016-06-01,2.505618155831571,0.06666047267753195,0.2299276896649699
2016-07-01,2.3113534675233507,0.01330401991668761,0.2102873387848148
2016-08-01,2.1162178410185297,-0.01761192442939485,0.1993728896605116
2016-09-01,2.107125839234614,-0.06955484594077532,0.1818214529265546
2016-10-01,1.9125956865393368,-0.07195798060357417,0.18103353939419609
2016-11-01,1.8231231688420144,-0.734073381504946,0.04140045829692668
2016-12-01,1.6868946420168809,-0.24213732432346613,0.13071401149072143
2017-01-01,1.644188769651249,-0.1952314488726523,0.14350520756260482
2017-02-01,1.5966505779991755,-0.18114374082918072,0.14750662310447374
2017-03-01,1.631957392009404,-0.16859403777678472,0.151133568243519
2017-04-01,1.6198128427609015,-0.11762868160806716,0.16646798313332212
2017-05-01,1.5849161310704296,-0.1644232220022841,0.15235198777489797
2017-06-01,1.5639624105368584,-0.12324732860573118,0.1647298099986127
2017-07-01,1.5088501709160551,-0.1480759054286913,0.15719022768987276
2017-08-01,1.6233567580542243,-0.07791867809610076,0.17908846246358162
2017-09-01,1.508109361545782,-0.25489755697762484,0.1273750461451888
2017-10-01,1.4369356400155844,-0.2126547952792861,0.13865858983666077
2017-11-01,1.4518253597023092,-0.12966130838354473,0.1627600197063983
2017-12-01,1.41158219166317,-0.193257678991271,0.14406137214620893
2018-01-01,1.276795388231348,-0.3962651217878994,0.09431312660622652
2018-02-01,1.3748957629406329,-0.2435559364935278,0.13033984230795873
2018-03-01,1.5364804319763146,-0.10288995148027746,0.1710835691049805
2018-04-01,1.4496385622868986,-0.28116893828813816,0.12068859622716528
2018-05-01,1.535331486863481,-0.19345391167823212,0.14400601314381664
2018-06-01,1.62195147873376,0.02685901659083267,0.21518130006215497
2018-07-01,1.487674482682534,-0.12560785240629335,0.1640030834063847
2018-08-01,1.522980810235979,-0.0949250626764644,0.173611598978927
2018-09-01,1.4314502632932729,-0.1756204404118522,0.14909564557805494
2018-10-01,1.583475549206519,9.608148827127128e-4,0.2058882727604662
2018-11-01,1.7892943450416232,0.14651691434310066,0.2611522364995551
2018-12-01,2.076983875361502,0.3461299882588882,0.34767230395418136
2019-01-01,1.8296979501071595,0.1835165811965425,0.27632481537855114
2019-02-01,1.648023567273897,0.07322875903438852,0.23241447771174664
2019-03-01,1.678767831675078,-0.11339356907986864,0.1677859461291565
2019-04-01,1.5787228532921278,0.00267187093164555,0.2064948061099477
2019-05-01,1.8163662753635728,-0.00917234726735638,0.20231799870543063
2019-06-01,1.6896810147684789,0.01588894688799835,0.2112155366915173
2019-07-01,1.630709798134868,-0.03834508199365216,0.19224818303158053
2019-08-01,1.8082417618389148,-0.14874451457574644,0.1569903823084678
2019-09-01,1.727684102858904,-0.22646740303726864,0.13489648866639456
2019-10-01,1.7055084869357,-0.2217305744595892,0.13617867641901032
2019-11-01,1.6393877480465997,-0.16716579570958534,0.1515500683218524
2019-12-01,1.48770080461116,-0.2791552900719374,0.1211921834323756
2020-01-01,1.6649238906599395,-0.23821827440943633,0.13175154583503546
2020-02-01,1.985197893932558,-0.1465948545186977,0.15763350504401205
2020-03-01,3.821601559476067,1.2014758374540049,0.7491648528303338
2020-04-01,2.885220268986319,0.6527801701152369,0.4958728872418338
2020-05-01,2.523248659135445,0.4047766122251417,0.37497876408324937
2020-06-01,2.32720257004988,0.0530669553343559,0.2248287274352755
2020-07-01,2.0346570932819357,-0.16113540771523915,0.15331703939101593
2020-08-01,1.9389504967839983,-0.285538869189913,0.11960080534172902
2020-09-01,2.0547879103824713,-0.00247625665189588,0.2046731017833336
2020-10-01,1.9313057458511993,-0.20983783139613063,0.1394345293998901
2020-11-01,1.6735373877406812,-0.4668010289033429,0.08040489657350684
2020-12-01,1.4896297537846388,-0.5005056909496126,0.07433303684808343
2021-01-01,1.448576758916245,-0.6533020148954765,0.05110472301292991
2021-02-01,1.3913962209512758,-0.943664464938899,0.02300773255824353
2021-03-01,1.3305297537531229,-0.7440318813251026,0.04031499018446196
2021-04-01,1.268744528251467,-0.48700199685516865,0.07672227947027858
2021-05-01,1.261139072263706,-0.4234323141531262,0.08875979639143275
2021-06-01,1.183204549755161,-0.5847055168191255,0.06069719334773998
2021-07-01,1.2496397920238196,-0.5543698499561525,0.0653649189855295
2021-08-01,1.244669070549006,-0.4786421311841411,0.07823041063383512
2021-09-01,1.1911188914053614,-0.6449468649751431,0.05220421901389714
2021-10-01,1.1845504441643349,-0.525395559878312,0.07007864977122978
2021-11-01,1.33334630038834,-0.448473084197464,0.08386022377678021
2021-12-01,1.247161541411119,-0.4450545083504298,0.08451688159573233
2022-01-01,1.3621138372828008,-0.34880910643434215,0.10462136860589968
2022-02-01,1.5250802165633237,-0.21350124359052505,0.13842600942197408
2022-03-01,1.4182733487221175,-0.838687778626019,0.0311095699982722
2022-04-01,1.5923365219665735,-0.31182413291959277,0.11320355224683964
2022-05-01,1.5839834635372858,-0.1243856650611912,0.16437909408872514
2022-06-01,1.9409685464738893,0.0716826772433583,0.23182778030244983
2022-07-01,1.7228330398363303,0.00521905693470259,0.20739968809368847
2022-08-01,1.7179244963661462,-0.03483903541769817,0.19344193090769024
2022-09-01,1.877679178412598,0.02477790499915433,0.21442565788737247
2022-10-01,1.681500938823073,0.095726142738084,0.2410444474140705
2022-11-01,1.576163248698413,-0.22568726225852132,0.13510708935377405
2022-12-01,1.5224622014888334,-0.01186139502159178,0.20137680510980785
2023-01-01,1.4210514101896086,-0.02573385480018308,0.196563142454404
2023-02-01,1.4895676470991654,-0.1480581642087122,0.15719553276758663
2023-03-01,1.5351034324014234,-0.1820882678833924,0.1472360282284366
2023-04-01,1.542508141329482,0.1968998366925272,0.2819175064190266
2023-05-01,1.5751280123752869,0.1469460296925127,0.2613257196030804
2023-06-01,1.4170326821078505,0.18665571006247927,0.27763171798875563
2023-07-01,1.310164388012558,0.02663070628800978,0.21509832621980696
2023-08-01,1.3453122397608688,0.08156850605207389,0.2355933925936335
2023-09-01,1.33413593360421,-0.00113538634524945,0.20514665587439448
2023-10-01,1.4288011429459742,0.2336627855290625,0.29755481707218023
2023-11-01,1.193757401356222,-0.0731829364108072,0.18063273869155536
2023-12-01,1.1431656461434192,-0.22019954816101683,0.13659487984393068
2024-01-01,1.1039701955086028,-0.06108454635495253,0.1846156706321884
2024-02-01,1.1055047155746365,-0.12375798682382876,0.16457241877971449
2024-03-01,1.0548384376493662,-0.08258945657856698,0.17757353167274062
2024-04-01,1.017817448347949,-0.1943902652180005,0.14374205698302156
2024-05-01,0.9852605308161588,-0.12409016218013225,0.1644700905311303
2024-06-01,1.0951872229698698,-0.01853953690328724,0.19905076822488504
2024-07-01,1.0713396887698,-0.08223726318424074,0.17768748015292407
2024-08-01,1.093880643058838,-0.03202727829023644,0.19440254523045555
2024-09-01,1.0486326283813985,-0.090260771528343,0.17510300820822192
2024-10-01,0.9826335060595588,-0.35297932113381647,0.1036840812927123
2024-11-01,0.945510640575748,-0.21913227123305049,0.13688552887865266
2024-12-01,0.9310533113677072,-0.45300347112616857,0.08299591685403329
2025-01-01,0.8900792443908693,-0.2951444835410172,0.11723407004424514
2025-02-01,0.9868440612407514,-0.2510258606576621,0.12838182199049444
2025-03-01,1.1111323030403446,-0.03262440171605885,0.19419830028013296
2025-04-01,1.2627001059671843,-0.0788534816844102,0.17878461715239338
2025-05-01,1.0209057389016492,-0.19273608147163568,0.14420858925054914
2025-06-01,0.975632849001491,-0.21631491258449664,0.1376548031152868
2025-07-01,0.9103923107817464,-0.23586773821964543,0.13237654879094923
2025-08-01,0.9344140383975744,-0.1784172929088874,0.14828958336273998
2025-09-01,0.8858293639828417,-0.30942215275220153,0.11377780077888468
2025-10-01,0.9280426894781544,-0.2777517473611065,0.12154406411510307
2025-11-01,0.9331937860282168,-0.23639143365792523,0.13223712259534387
2025-12-01,0.8959401940822809,-0.24560159973118245,0.12980158951515045
