date,gz_spr,baa_aaa,cp_treas1mo,dd_wp25,dd_wp50,dd_wp75,dd_wp50_all,gz_spr_p,gz_spr_oa_p,ebp,xmktret,cds1yr_bd_avg,cds5yr_bd_avg,sp500vix,xret_bd,termspr,ffr_r,empl,uerate,ipm
JAN1971,,,,,,,,,,,,,,,,-1.8828,-0.8388,57988.00,5.9000,
FEB1971,,,,,,,,,,,,,,,,-2.6931,-1.5276,57928.00,5.9000,
MAR1971,,,,,,,,,,,,,,,,-1.8398,-0.4041,57951.00,6.0000,
APR1971,,,,,,,,,,,,,,,,-2.0958,-0.6008,58092.00,5.9000,
MAY1971,,,,,,,,,,,,,,,,-1.9802,0.0466,58277.00,5.9000,
JUN1971,,,,,,,,,,,,,,,,-1.4082,-0.1636,58245.00,5.9000,
JUL1971,,,,,,,,,,,,,,,,-1.4669,0.5530,58305.00,6.0000,
AUG1971,,,,,,,,,,,,,,,,-1.7345,0.8019,58327.00,6.1000,
SEP1971,,,,,,,,,,,,,,,,-1.4861,0.6294,58552.00,6.0000,
OCT1971,,,,,,,,,,,,,,,,-1.5960,0.6306,58527.00,5.8000,
NOV1971,,,,,,,,,,,,,,,,-1.6911,0.0896,58696.00,6.0000,
DEC1971,,,,,,,,,,,,,,,,-2.2238,-0.8701,58918.00,6.0000,
JAN1972,,,,,,,,,,,,,,,,-2.7519,-0.5612,59179.00,5.8000,34.6349
FEB1972,,,,,,,,,,,,,,,,-2.6176,-0.4678,59354.00,5.7000,34.8705
MAR1972,,,,,,,,,,,,,,,,-2.3454,0.3953,59616.00,5.8000,35.1179
APR1972,,,,,,,,,,,,,,,,-2.4884,0.8300,59805.00,5.7000,35.5284
MAY1972,,,,,,,,,,,,,,,,-2.2741,1.4049,60051.00,5.7000,35.5679
JUN1972,,,,,,,,,,,,,,,,-2.0548,1.3547,60355.00,5.7000,35.6836
JUL1972,,,,,,,,,,,,,,,,-2.3269,1.5483,60227.00,5.6000,35.6978
AUG1972,,,,,,,,,,,,,,,,-1.7927,2.2673,60607.00,5.6000,36.1594
SEP1972,,,,,,,,,,,,,,,,-1.7878,1.9498,60693.00,5.5000,36.4103
OCT1972,,,,,,,,,,,,,,,,-1.5272,1.7819,61066.00,5.6000,36.9757
NOV1972,,,,,,,,,,,,,,,,-1.3296,2.1934,61322.00,5.3000,37.4590
DEC1972,,,,,,,,,,,,,,,,-1.1363,2.4634,61586.00,5.2000,38.0137
JAN1973,0.9565,0.7500,0.2500,7.2922,9.9573,13.5179,7.2427,0.8754,0.7051,0.0811,,,,,,-0.7261,3.4765,61930.00,4.9000,38.2803
FEB1973,0.8901,0.7500,0.3700,6.9990,9.3131,13.7699,6.9371,0.8454,0.7501,0.0446,,,,,,-0.6946,4.8424,62306.00,5.0000,38.9233
MAR1973,0.8223,0.7400,0.6100,6.6142,9.3855,11.9865,6.7339,0.8854,0.7770,-0.0630,,,,,,-0.2268,4.6800,62541.00,4.9000,38.9760
APR1973,0.7789,0.8300,0.8200,6.4645,8.7975,11.0375,6.5592,0.8950,0.8026,-0.1161,,,,,,-0.3907,4.7242,62679.00,5.0000,38.9134
MAY1973,0.8196,0.7700,0.6900,7.4057,10.6283,10.9031,6.9315,0.8449,0.8276,-0.0252,,,,,,0.2571,4.8624,62829.00,4.9000,39.1683
JUN1973,0.9428,0.7600,0.8000,6.9912,10.4084,11.6003,6.7413,0.8961,0.8565,0.0467,,,,,,0.8061,5.4624,63014.00,4.9000,39.1497
JUL1973,0.7321,0.7900,0.7200,6.9734,9.9397,11.5482,6.7265,1.1037,0.9246,-0.3716,,,,,,0.9169,7.5731,63046.00,4.8000,39.3398
AUG1973,0.7297,0.8500,1.4300,6.7253,9.6674,9.7643,6.5322,0.9828,0.8606,-0.2531,,,,,,1.6387,7.4344,63262.00,4.8000,39.2244
SEP1973,0.6247,1.0000,1.7900,6.7367,10.0003,10.5856,6.7811,0.9431,0.8846,-0.3183,,,,,,0.2221,6.7816,63389.00,4.8000,39.5920
OCT1973,1.0381,0.8100,1.5900,6.9434,9.5244,9.5244,6.5167,0.8969,0.8691,0.1412,,,,,,0.7083,6.4048,63628.00,4.6000,39.9293
NOV1973,1.1084,0.7500,1.3400,5.2810,8.7062,8.7062,4.7910,1.0776,0.9837,0.0308,,,,,,0.7508,5.8036,63874.00,4.8000,40.2212
DEC1973,1.0519,0.8000,1.4500,4.7624,8.3414,9.1772,4.5629,1.0669,1.0414,-0.0150,,,,,,0.7143,5.0769,63965.00,4.9000,40.2420
JAN1974,0.9141,0.6500,0.8500,4.7232,8.1481,9.3969,4.7333,0.9641,1.0015,-0.0499,,,,,,0.5692,4.3047,64014.00,5.1000,39.8876
FEB1974,1.0591,0.6800,0.1500,5.0625,8.1141,9.8410,4.9183,0.8918,1.0221,0.1673,,,,,,0.5684,3.4362,64118.00,5.2000,39.7337
MAR1974,0.9751,0.6100,0.1800,5.2165,8.3989,9.4658,4.7419,1.1030,1.0083,-0.1279,,,,,,0.8782,4.1884,64143.00,5.1000,39.7047
APR1974,0.9544,0.6200,0.6700,4.8851,7.7061,8.6616,4.2111,0.9544,1.0219,-0.0000,,,,,,1.1095,4.8636,64193.00,5.1000,39.5529
MAY1974,1.0066,0.6800,1.7900,4.4184,7.3589,8.0315,3.9578,0.9852,1.0540,0.0214,,,,,,0.3566,5.3488,64326.00,5.1000,39.7999
JUN1974,1.4946,0.8000,2.5100,4.8133,7.6093,8.4814,3.7395,0.9155,1.1792,0.5791,,,,,,-0.4930,6.4522,64363.00,5.4000,39.8667
JUL1974,2.2073,0.7600,2.4700,4.1461,6.8540,6.8540,3.3579,1.1361,1.1168,1.0712,,,,,,-0.1903,4.6130,64346.00,5.5000,39.7871
AUG1974,1.6528,0.7700,1.1300,3.5024,5.4850,6.8026,2.8122,1.0276,1.2908,0.6252,,,,,,0.7367,3.6958,64291.00,5.5000,39.4665
SEP1974,1.8868,0.9400,3.1600,3.2602,4.5894,6.6444,2.4172,1.1660,1.2969,0.7208,,,,,,-1.7811,2.7111,64192.00,5.9000,39.5512
OCT1974,2.0998,1.2100,1.6900,2.9989,5.0683,7.5522,2.5165,1.3322,1.1985,0.7675,,,,,,0.2249,0.8657,64143.00,6.0000,39.2553
NOV1974,1.9178,1.7100,1.2100,2.7544,4.7665,6.6895,2.6136,1.1054,1.3522,0.8124,,,,,,0.1125,0.2861,63727.00,6.6000,38.0442
DEC1974,2.2116,1.7400,2.0800,3.3019,4.9525,7.3680,3.0263,1.2919,1.1510,0.9197,,,,,,-0.1338,-5.5608,63098.00,7.2000,36.3016
JAN1975,1.3703,1.9800,0.7200,3.9693,5.5081,7.9444,3.7532,1.0916,1.1344,0.2786,,,,,,-1.5185,-2.8210,62673.00,8.1000,35.5630
FEB1975,1.3198,2.0300,1.1100,3.9466,5.8447,7.6466,3.8158,0.9679,1.1638,0.3519,,,,,,-1.7055,-3.6075,62172.00,8.1000,34.5429
MAR1975,1.5550,1.8100,0.3700,4.1990,5.7712,7.1625,3.8685,1.0520,1.1030,0.5030,,,,,,-1.8402,-4.3562,61895.00,8.6000,34.0915
APR1975,1.2260,1.6300,0.3900,3.9480,5.8727,7.3865,3.9146,1.0712,1.0431,0.1548,,,,,,-2.4101,-2.4608,61668.00,8.8000,34.0224
MAY1975,1.2871,1.7900,-0.0200,4.4602,6.2702,7.5214,4.4020,0.9814,1.0269,0.3057,,,,,,-2.3969,-4.0014,61796.00,9.0000,34.0023
JUN1975,1.1816,1.8500,-0.0600,4.8355,6.8716,8.0074,4.8840,0.9768,0.9982,0.2048,,,,,,-1.6884,-2.7400,61735.00,8.8000,34.3044
JUL1975,1.2310,1.7100,0.1500,4.7219,6.7463,7.8159,4.7759,0.8914,1.0362,0.3396,,,,,,-1.4058,-1.9405,61907.00,8.6000,34.8383
AUG1975,1.1993,1.6400,0.2500,4.9453,7.2384,7.9619,4.9735,0.9507,1.0080,0.2486,,,,,,-1.4756,-1.7733,62284.00,8.4000,35.1539
SEP1975,1.1587,1.6600,0.0000,5.1529,7.4436,7.9804,5.1696,0.8987,1.0119,0.2600,,,,,,-1.5093,-1.0716,62408.00,8.4000,35.7577
OCT1975,1.1119,1.7600,0.1100,5.7755,7.8890,9.1468,5.6879,0.9989,0.9309,0.1130,,,,,,-2.1498,-1.2873,62635.00,8.4000,35.9367
NOV1975,1.0885,1.7800,0.1100,6.0494,7.8611,8.8298,5.9758,0.8981,0.9396,0.1904,,,,,,-2.2956,-1.3630,62776.00,8.3000,36.0570
DEC1975,1.0168,1.7700,0.2800,6.0439,8.3375,10.3740,6.0094,1.0426,0.9135,-0.0258,,,,,,-2.3388,-1.2150,63071.00,8.2000,36.5273
JAN1976,0.8317,1.8100,0.1700,7.0433,9.1151,11.3698,6.9207,0.8865,0.8402,-0.0548,,,,,,-2.8349,-1.6459,63537.00,7.9000,37.0321
FEB1976,0.8970,1.6900,0.1800,6.6550,8.8742,11.3439,6.5273,0.8811,0.8347,0.0159,,,,,,-2.4823,-1.5202,63836.00,7.7000,37.5913
MAR1976,0.8554,1.6000,0.0900,7.0405,8.9702,12.1251,6.6473,0.8772,0.8466,-0.0218,,,,,,-2.4704,-1.0336,64062.00,7.6000,37.6692
APR1976,0.8819,1.5400,0.0100,7.1371,9.6198,13.0615,7.1062,0.8549,0.8263,0.0269,,,,,,-2.5088,-0.8088,64308.00,7.7000,37.9074
MAY1976,0.8969,1.2800,-0.0400,7.0153,9.9078,11.7474,6.6672,0.9043,0.8436,-0.0074,,,,,,-2.1857,-0.1395,64340.00,7.4000,38.1065
JUN1976,0.9017,1.2700,-0.0300,7.3393,10.1414,12.8605,6.8766,0.8342,0.8362,0.0674,,,,,,-2.2073,-0.1374,64413.00,7.6000,38.1200
JUL1976,0.8774,1.2600,0.0500,7.2830,9.8874,12.8072,6.8787,0.8234,0.8217,0.0540,,,,,,-2.3894,-0.4470,64553.00,7.8000,38.3921
AUG1976,0.8142,1.1900,0.1400,8.3056,10.5039,13.7877,7.4192,0.8366,0.8066,-0.0224,,,,,,-2.3369,-0.3903,64697.00,7.8000,38.6390
SEP1976,0.7881,1.0200,-0.4300,8.5223,10.8113,14.8793,7.6942,0.8214,0.7818,-0.0334,,,,,,-2.2696,-0.6161,64921.00,7.6000,38.7208
OCT1976,0.8337,0.9700,0.0100,8.8205,11.0149,15.7346,7.7183,0.8170,0.7478,0.0167,,,,,,-2.2894,-0.9502,64877.00,7.7000,38.7092
NOV1976,0.8580,0.9800,0.1500,7.9900,10.4787,14.9507,7.7291,1.0065,0.8169,-0.1485,,,,,,-2.4073,-1.2717,65164.00,7.8000,39.2091
DEC1976,0.9584,1.1400,0.2600,8.4315,11.3558,15.4960,8.2096,0.9035,0.7189,0.0550,,,,,,-2.2599,-1.5816,65373.00,7.8000,39.6140
JAN1977,0.9002,1.1200,-0.0500,8.1609,11.3039,15.4912,8.1360,1.0720,0.7955,-0.1718,,,,,,-2.4161,-1.0308,65636.00,7.5000,39.5154
FEB1977,0.8100,1.0800,0.0400,7.9189,11.1541,14.5395,7.7544,0.8938,0.7978,-0.0838,,,,,,-2.5113,-1.0391,65931.00,7.6000,40.1972
MAR1977,0.8955,1.0200,0.1200,7.4619,10.1574,14.5419,7.8570,0.8519,0.7771,0.0436,,,,,,-2.6741,-1.2609,66341.00,7.4000,40.7854
APR1977,0.9001,1.0300,-0.1600,7.7565,10.8449,14.7316,8.0818,0.8866,0.7478,0.0134,,,,,,-2.5374,-0.9514,66655.00,7.2000,41.2202
MAY1977,0.8456,0.9600,0.4500,7.5460,10.4338,14.5893,8.2592,0.9240,0.8315,-0.0784,,,,,,-2.1596,-0.7098,66957.00,7.0000,41.5812
JUN1977,0.7691,0.9600,0.3200,8.3177,10.4899,16.7135,8.7830,0.9174,0.7700,-0.1483,,,,,,-2.0634,-0.5813,67281.00,7.2000,41.9382
JUL1977,0.8300,0.9300,-0.1400,8.0499,10.4330,16.4270,8.7084,0.9011,0.8130,-0.0711,,,,,,-1.7895,-0.5499,67537.00,6.9000,41.9449
AUG1977,0.7525,0.8400,0.4100,7.7775,9.8317,15.4486,8.3960,0.9025,0.7812,-0.1500,,,,,,-1.5200,-0.4557,67746.00,7.0000,42.1475
SEP1977,0.7673,0.8800,0.2800,7.8330,10.6225,16.4927,8.0708,0.8661,0.7844,-0.0988,,,,,,-1.2768,0.0566,68129.00,6.8000,42.1886
OCT1977,0.7512,0.8500,0.4300,6.9122,9.5478,14.7922,7.6018,0.8706,0.8006,-0.1194,,,,,,-1.1644,0.3579,68331.00,6.8000,42.3181
NOV1977,0.7529,0.8700,0.5800,7.1787,10.0238,14.4624,8.0401,0.8568,0.7902,-0.1039,,,,,,-1.2699,0.3176,68658.00,6.8000,42.3662
DEC1977,0.6553,0.8000,0.8000,7.1667,10.3328,15.9532,8.1418,0.9090,0.8289,-0.2538,,,,,,-1.4575,0.2205,68870.00,6.4000,42.8208
JAN1978,0.6495,0.7600,0.4200,6.3943,9.0580,14.7955,7.1717,0.8951,0.8835,-0.2456,,,,,,-1.3092,0.4891,68984.00,6.4000,42.1976
FEB1978,0.5990,0.7300,0.3500,6.1034,8.7171,14.9634,6.9878,0.8507,0.8613,-0.2517,,,,,,-1.3913,0.5148,69277.00,6.3000,42.3468
MAR1978,0.6320,0.7500,0.0400,5.8054,9.0126,16.0780,7.1978,0.8610,0.8574,-0.2290,,,,,,-1.4068,0.8722,69730.00,6.3000,43.0885
APR1978,0.6492,0.7600,0.5100,6.7049,9.1585,16.4178,7.6704,0.8182,0.8285,-0.1690,,,,,,-1.6002,1.0265,70366.00,6.1000,43.7523
MAY1978,0.6854,0.8000,0.5800,6.4575,9.6869,14.7497,7.5309,0.8151,0.8372,-0.1297,,,,,,-1.4370,1.0556,70675.00,6.0000,43.9326
JUN1978,0.5509,0.8400,1.0600,6.3910,8.4293,14.9104,7.2795,0.9182,0.8924,-0.3673,,,,,,-1.3208,1.5575,71099.00,5.9000,44.2887
JUL1978,0.5670,0.7200,0.9900,6.2970,8.9447,14.4436,7.4764,0.8360,0.8659,-0.2690,,,,,,-1.5097,1.5845,71304.00,6.2000,44.2599
AUG1978,0.5446,0.7900,0.2100,5.6188,7.8829,9.3662,7.5960,0.8550,0.8666,-0.3104,,,,,,-0.5684,2.0181,71590.00,5.9000,44.5176
SEP1978,0.5746,0.7300,0.3900,7.0158,9.3613,15.3168,7.4858,0.8232,0.8347,-0.2486,,,,,,-0.1922,2.4689,71799.00,6.0000,44.7596
OCT1978,0.5235,0.7000,0.3200,5.1977,6.5796,7.8108,6.5099,0.9963,0.9897,-0.4728,,,,,,0.1323,2.7694,72096.00,5.8000,45.1014
NOV1978,0.5875,0.8000,0.8100,5.7933,8.5823,14.3327,6.7571,0.8256,0.9000,-0.2381,,,,,,0.5782,3.1171,72497.00,5.9000,45.5114
DEC1978,0.5940,0.7800,1.6600,5.7060,8.3903,14.7070,6.6596,0.9829,0.9883,-0.3889,,,,,,0.4989,4.0034,72763.00,6.0000,45.8646
JAN1979,0.6241,0.8800,0.1900,5.9162,8.5458,14.8999,6.8504,0.8866,0.9255,-0.2625,,,,,,0.8150,3.8682,72874.00,5.9000,45.4699
FEB1979,0.5922,0.8200,0.1500,5.8490,9.2594,14.3319,6.8703,0.9171,0.9387,-0.3249,,,,,,0.7367,3.6425,73107.00,5.9000,45.6548
MAR1979,0.6114,0.8900,-0.1600,6.5299,9.8038,14.6618,7.1301,0.7293,0.8852,-0.1179,,,,,,0.7712,3.5447,73524.00,5.8000,45.8601
APR1979,0.5948,0.9500,0.0800,6.4100,8.8069,13.5934,7.0419,0.7926,0.8820,-0.1978,,,,,,0.7280,3.8773,73441.00,5.8000,45.1486
MAY1979,0.6397,0.9700,0.2300,6.0495,8.4789,13.0334,6.8507,0.9279,0.9364,-0.2882,,,,,,1.0114,3.4895,73800.00,5.6000,45.7058
JUN1979,0.6463,1.0900,0.6100,6.3161,9.2252,13.9654,7.2404,0.8291,0.8647,-0.1829,,,,,,0.6241,3.4447,74063.00,5.7000,45.7791
JUL1979,0.6159,1.0900,0.8500,5.6256,7.0682,9.0986,7.2013,0.8558,0.8888,-0.2399,,,,,,0.6461,3.7140,74064.00,5.7000,45.8034
AUG1979,0.5349,1.1200,0.7900,5.3733,7.1610,8.6639,7.3203,0.8619,0.9051,-0.3270,,,,,,1.0521,4.2873,74067.00,6.0000,45.1883
SEP1979,0.6811,1.1000,0.9700,5.4051,7.0292,8.6208,7.0808,0.7641,0.9146,-0.0830,,,,,,1.1750,5.0361,74195.00,5.9000,45.3247
OCT1979,0.6706,1.2700,2.4900,4.2339,5.7913,7.3405,6.1068,1.6173,1.3859,-0.9467,,,,,,1.9836,7.5933,74344.00,6.0000,45.4897
NOV1979,0.7072,1.2300,1.0000,4.9190,6.7617,8.6490,6.8887,0.8822,0.9783,-0.1749,,,,,,1.7633,6.7370,74401.00,5.9000,45.3358
DEC1979,0.7633,1.3200,4.1300,4.3630,6.9678,9.1070,6.8917,0.6594,0.9962,0.1038,,,,,,2.3495,7.4437,74489.00,6.0000,45.4769
JAN1980,0.7476,1.3300,1.1600,4.5722,7.3364,9.4166,6.9369,0.8562,0.9423,-0.1086,,,,,,1.4997,5.7549,74599.00,6.3000,45.6613
FEB1980,0.8152,1.1900,0.8300,4.2314,6.0695,8.4374,5.9748,1.4161,1.1635,-0.6009,,,,,,2.0935,8.4385,74653.00,6.3000,45.6324
MAR1980,0.9696,1.4900,1.8400,4.3048,6.0692,8.8636,5.1636,0.7009,1.3598,0.2686,,,,,,2.4604,11.2918,74695.00,6.3000,45.2927
APR1980,1.0359,2.1500,3.1900,4.2379,5.3175,7.2539,5.5061,1.7628,1.3682,-0.7269,,,,,,0.1034,5.7347,74263.00,6.9000,44.3411
MAY1980,0.9929,2.1800,1.0800,4.4156,5.7032,7.3032,5.8422,0.9151,1.0703,0.0779,,,,,,-2.1359,2.5557,73961.00,7.5000,42.9386
JUN1980,0.9866,2.1300,1.6300,4.1358,5.1921,6.1069,5.8543,0.9643,1.1924,0.0223,,,,,,-1.7288,1.9968,73654.00,7.6000,42.2691
JUL1980,0.9726,1.5800,0.9800,3.6808,5.3925,6.2548,5.9740,0.8096,1.3003,0.1630,,,,,,-1.5904,1.3854,73414.00,7.8000,41.8196
AUG1980,0.9153,1.5100,1.3000,3.8982,4.8423,6.0486,5.5984,0.8854,1.1639,0.0299,,,,,,-1.0100,1.9983,73682.00,7.7000,42.1070
SEP1980,0.8861,1.6800,1.3000,4.2180,5.2099,6.8200,5.4337,0.9726,1.0813,-0.0864,,,,,,0.1163,4.3875,73875.00,7.5000,42.8120
OCT1980,0.7886,1.9200,1.5900,3.8986,4.8139,6.8273,5.3245,1.1013,1.0857,-0.3127,,,,,,0.8016,4.7102,74099.00,7.5000,43.6277
NOV1980,0.9127,1.6700,1.5500,4.0293,5.6356,8.0451,5.6715,0.6867,1.1285,0.2260,,,,,,2.5855,9.4105,74350.00,7.5000,44.4603
DEC1980,1.0440,1.9300,4.1200,3.6779,4.8634,6.6018,5.5168,1.1463,1.0898,-0.1023,,,,,,2.7475,12.7012,74563.00,7.2000,44.5775
JAN1981,1.0141,2.2200,2.2600,3.7402,5.1032,6.7082,5.2969,0.7052,1.2363,0.3088,,,,,,2.8235,8.0628,74671.00,7.5000,44.4348
FEB1981,0.9127,2.0200,0.7500,3.9330,5.1107,5.9098,5.2970,0.7715,1.1739,0.1411,,,,,,1.6191,6.2323,74752.00,7.4000,44.1929
MAR1981,0.8295,2.0100,0.9000,4.8579,6.5915,9.1352,5.8297,0.8261,1.1008,0.0034,,,,,,-0.2016,5.5902,74910.00,7.4000,44.3469
APR1981,1.0316,1.6800,1.3500,5.5529,6.5451,9.8577,5.9383,0.5636,1.3150,0.4679,,,,,,1.6873,10.2469,75016.00,7.2000,44.5858
MAY1981,1.0906,1.6300,0.4700,5.1674,6.2961,9.2813,5.8068,0.8663,1.0270,0.2243,,,,,,2.5534,8.7731,75088.00,7.5000,44.7963
JUN1981,1.0606,2.0500,2.3800,5.0476,5.9119,8.9060,5.5974,0.6376,1.2999,0.4230,,,,,,1.3732,9.9734,75323.00,7.5000,44.5598
JUL1981,1.0398,1.7900,2.3500,4.7504,6.1153,8.9547,5.4277,0.6634,1.1687,0.3764,,,,,,1.2096,8.9577,75419.00,7.2000,44.6313
AUG1981,0.9273,1.4500,1.9900,4.1191,5.5403,8.7973,5.1952,0.7278,1.1874,0.1995,,,,,,1.1046,8.4226,75448.00,7.4000,44.6832
SEP1981,1.0403,1.4300,1.5700,3.5172,5.1176,9.1014,4.5790,0.7053,1.2469,0.3350,,,,,,-0.6004,8.2286,75440.00,7.6000,44.4482
OCT1981,1.1931,1.7100,1.6600,3.4914,5.4091,8.9186,4.9473,0.6720,1.4104,0.5210,,,,,,-1.2960,6.3745,75302.00,7.9000,44.0171
NOV1981,1.3426,2.1700,0.8200,3.9344,5.5834,9.6527,5.2913,1.1929,1.0683,0.1497,,,,,,-1.9968,4.6001,75084.00,8.3000,43.4612
DEC1981,1.2907,2.3200,2.2300,3.9144,5.4677,8.9600,5.2367,0.7959,1.3176,0.4948,,,,,,-2.4156,5.5009,74811.00,8.5000,42.6961
JAN1982,1.3248,1.9200,1.5000,3.6898,5.1768,9.2171,5.0323,0.6223,1.6626,0.7025,,,,,,-1.0437,6.8152,74516.00,8.6000,41.6691
FEB1982,1.3187,1.9100,1.7200,3.3782,5.0150,8.9530,4.9195,0.8886,1.2739,0.4301,,,,,,-0.8952,6.6057,74540.00,8.9000,42.7973
MAR1982,1.4508,2.2400,1.0800,3.3299,5.0556,8.3827,4.6748,0.6176,1.8926,0.8331,,,,,,-0.0583,10.0131,74398.00,9.0000,42.4476
APR1982,1.3661,2.3200,1.7400,3.4647,4.8917,9.1683,4.8453,0.7263,1.4708,0.6397,,,,,,-0.6508,8.6165,74131.00,9.3000,42.1717
MAY1982,1.2795,2.3800,1.6300,3.3798,5.3860,9.1165,4.9465,0.6300,1.6669,0.6495,,,,,,-1.5194,6.9537,74093.00,9.4000,42.1022
JUN1982,1.3044,2.1100,2.1700,3.3350,5.0332,8.7714,4.7574,0.7370,1.4677,0.5674,,,,,,-0.8281,8.2938,73837.00,9.6000,42.0347
JUL1982,1.3854,2.1900,2.0600,3.1263,5.0067,8.1322,4.5526,0.8175,1.4184,0.5679,,,,,,-2.9345,5.1194,73620.00,9.8000,41.9858
AUG1982,1.5887,2.6100,3.0700,3.8759,5.6898,8.6168,5.1063,1.7053,1.1684,-0.1166,,,,,,-3.8094,4.2981,73422.00,9.8000,41.6209
SEP1982,1.4429,2.6900,2.8500,3.6297,5.6328,8.4569,5.1843,0.9839,1.1397,0.4590,,,,,,-3.9897,6.0430,73248.00,10.1000,41.5015
OCT1982,1.5719,2.6100,0.9900,4.5722,6.7174,8.9511,5.9044,1.4501,0.9807,0.1218,,,,,,-2.7047,3.5603,72938.00,10.4000,41.0221
NOV1982,1.4011,2.6200,0.7900,4.0084,6.5262,8.7196,5.7967,0.9086,1.1291,0.4925,,,,,,-2.4278,3.0408,72793.00,10.8000,40.7390
DEC1982,1.3996,2.3100,0.3400,4.4840,6.2055,8.7063,5.8908,0.7274,1.3613,0.6722,,,,,,-2.4553,5.5074,72775.00,10.8000,40.5792
JAN1983,1.1348,1.9100,0.3200,4.6270,6.3627,9.3376,5.9868,0.7919,1.1883,0.3430,,,,,,-2.6474,2.9024,72958.00,10.4000,41.5869
FEB1983,1.1597,2.2900,0.5800,4.8084,6.4699,8.9499,6.3190,0.8998,1.0598,0.2599,,,,,,-2.2716,2.7689,72899.00,10.4000,41.5555
MAR1983,0.9496,1.8600,0.4300,5.0536,6.6587,9.1871,6.5050,0.7355,1.0923,0.2142,,,,,,-1.7965,5.0519,73071.00,10.3000,41.9740
APR1983,0.8973,1.9300,0.3200,5.5718,7.2138,9.6135,7.0708,0.7606,0.9976,0.1367,,,,,,-2.0495,3.3771,73362.00,10.2000,42.4478
MAY1983,0.8304,1.3000,0.5900,5.5558,6.8592,9.0320,6.7069,0.8881,1.0291,-0.0577,,,,,,-1.9715,3.5674,73624.00,10.1000,43.0173
JUN1983,0.8108,1.5500,-0.1300,6.0166,6.8814,9.1739,6.6939,0.7050,1.0483,0.1058,,,,,,-1.9507,5.0785,73987.00,10.1000,43.3502
JUL1983,0.7959,0.8900,0.3700,5.8654,6.9422,8.8440,6.7991,0.8967,0.9662,-0.1008,,,,,,-2.3004,4.5700,74414.00,9.4000,44.0183
AUG1983,0.7374,1.0700,1.0900,5.8078,6.8862,9.1794,6.6513,0.9257,0.9758,-0.1883,,,,,,-2.3757,4.6094,74101.00,9.5000,44.3417
SEP1983,0.8133,1.3200,0.4700,5.6798,6.8212,9.3190,6.7332,0.8731,0.9823,-0.0599,,,,,,-2.4679,5.5544,75189.00,9.2000,45.2033
OCT1983,0.7339,1.0600,0.6800,5.8003,6.9931,8.6588,6.6625,0.8233,1.0069,-0.0894,,,,,,-2.9108,4.3625,75516.00,8.8000,45.7144
NOV1983,0.7980,1.2400,0.6100,5.7249,6.7649,8.8958,6.6033,0.7790,1.0182,0.0191,,,,,,-2.3803,4.7243,75857.00,8.5000,45.8790
DEC1983,0.8243,1.2000,0.9300,5.6461,7.3378,9.0983,6.6929,0.7350,1.0529,0.0892,,,,,,-2.5025,5.4478,76202.00,8.3000,46.0314
JAN1984,0.7844,1.6800,0.4000,5.8475,7.3599,9.9598,6.4643,0.7631,1.0171,0.0212,,,,,,-2.3893,5.1323,76647.00,8.0000,46.8966
FEB1984,0.7373,1.2800,1.0600,2.8635,5.6309,7.4355,5.6352,0.8242,1.0276,-0.0869,,,,,,-2.5227,5.6122,77111.00,7.8000,47.4209
MAR1984,0.7777,1.2900,0.3800,3.4447,5.4474,7.3314,5.4715,0.7757,1.0702,0.0019,,,,,,-2.4157,6.1551,77381.00,7.8000,47.6326
APR1984,0.8073,1.3100,1.1900,4.4092,5.8535,7.7318,5.3777,0.7145,1.0931,0.0927,,,,,,-2.6788,6.5706,77699.00,7.7000,47.8717
MAY1984,0.7124,1.1700,1.2000,3.3841,5.0894,6.5665,5.0355,0.9974,1.0865,-0.2850,,,,,,-3.7151,6.3113,77979.00,7.4000,48.0048
JUN1984,0.6491,1.3000,1.9500,3.8592,5.3442,7.1833,5.0109,0.6831,1.1014,-0.0339,,,,,,-3.4917,6.2706,78334.00,7.2000,48.2257
JUL1984,0.8015,2.0100,1.2100,3.3493,5.3460,7.0643,4.9041,0.9676,1.0552,-0.1661,,,,,,-2.0838,7.4801,78601.00,7.5000,48.4564
AUG1984,0.8048,1.7600,0.7700,3.4050,5.9688,7.8616,5.6402,0.6358,1.1792,0.1690,,,,,,-1.7170,7.5317,78790.00,7.5000,48.5253
SEP1984,0.7946,1.8000,0.4300,3.7559,5.9036,7.9098,5.7018,0.8534,1.0622,-0.0588,,,,,,-1.8144,7.3063,79070.00,7.3000,48.4140
OCT1984,0.8499,1.4000,0.9000,3.1765,5.5358,7.7965,5.4124,1.1137,1.0782,-0.2638,,,,,,-2.3777,6.3144,79337.00,7.4000,48.5921
NOV1984,0.9139,1.3300,1.2300,2.9412,5.3221,7.9097,5.4579,0.9647,1.1000,-0.0508,,,,,,-2.8485,5.1975,79649.00,7.2000,48.7515
DEC1984,0.9057,1.2500,0.5200,2.8803,5.3803,7.2170,5.4243,0.8913,1.1857,0.0144,,,,,,-3.4608,5.0346,79805.00,7.3000,48.9337
JAN1985,1.0250,1.4400,0.5500,3.5020,5.5258,7.4297,5.9998,1.0602,1.1063,-0.0352,,,,,,-2.8426,4.7018,80017.00,7.3000,48.7299
FEB1985,0.8807,0.6700,1.0100,3.4964,5.5455,8.1155,6.0639,0.9591,1.1188,-0.0784,,,,,,-3.1263,4.5645,80128.00,7.2000,48.5539
MAR1985,0.8712,1.2700,0.6200,3.6270,6.0273,8.2619,6.3738,0.7499,1.1231,0.1213,,,,,,-3.2717,4.5893,80428.00,7.2000,48.9124
APR1985,0.9705,1.3300,0.9100,3.8808,6.3371,8.5548,6.4214,0.9798,1.1894,-0.0093,,,,,,-3.3913,4.6497,80588.00,7.3000,48.7427
MAY1985,1.2362,1.9800,0.4900,4.5000,6.2117,9.0241,6.5484,1.3743,1.1722,-0.1381,,,,,,-3.0168,4.0462,80818.00,7.2000,48.8194
JUN1985,1.1979,1.4100,0.9300,4.7990,6.9766,9.3251,7.0479,0.9338,1.1626,0.2641,,,,,,-3.3380,4.2785,80939.00,7.4000,48.9002
JUL1985,1.1041,1.2000,0.7000,4.5297,6.3868,8.8667,6.7534,0.9390,1.1281,0.1651,,,,,,-3.1844,4.9252,81006.00,7.4000,48.6007
AUG1985,1.1599,1.5900,0.6800,4.7267,6.6378,8.7293,6.7646,0.9532,1.1137,0.2066,,,,,,-3.0395,4.3516,81200.00,7.1000,48.8956
SEP1985,1.1851,1.4100,0.9000,4.1064,6.2342,8.3975,6.2444,0.8757,1.2276,0.3094,,,,,,-3.2014,5.2743,81385.00,7.1000,48.9650
OCT1985,1.2461,1.5300,0.6900,4.8606,6.7620,8.5522,6.7471,0.9213,1.1656,0.3248,,,,,,-2.7549,4.4382,81556.00,7.1000,48.8473
NOV1985,1.2780,1.5800,1.2500,5.5454,6.4821,9.4352,6.5081,0.9748,1.0148,0.3032,,,,,,-2.4197,4.8914,81745.00,7.0000,49.1812
DEC1985,1.4733,1.6700,1.9000,5.4913,7.0791,10.3400,6.5664,1.3953,0.9766,0.0779,,,,,,-1.9129,9.7297,81893.00,7.0000,49.3890
JAN1986,1.4554,1.4000,1.0300,5.5179,6.9929,9.8162,6.6127,1.0768,0.9722,0.3787,,,,,,-2.1109,4.4732,81995.00,6.7000,49.9424
FEB1986,1.5897,1.4900,0.7600,5.9846,7.6556,10.8423,6.7949,1.9134,1.0864,-0.3236,,,,,,-1.0707,4.3008,82058.00,7.2000,49.6609
MAR1986,1.9807,1.5800,1.0000,4.7063,7.9730,10.8684,6.2695,1.4561,0.7260,0.5246,,,,,,-1.0620,4.5852,82155.00,7.2000,49.5282
APR1986,1.8870,1.2200,1.2500,4.0054,7.3447,10.3150,6.2328,1.3889,0.7921,0.4981,,,,,,-1.3602,3.5469,82333.00,7.1000,49.6252
MAY1986,1.6297,1.1700,0.7200,4.4986,6.9235,10.4498,6.7062,1.6132,0.9948,0.0166,,,,,,-1.8784,3.2097,82433.00,7.2000,49.6999
JUN1986,1.8617,1.2000,0.9900,4.1452,7.4606,10.0521,6.6889,1.8939,1.0007,-0.0322,,,,,,-1.6705,4.1412,82351.00,7.2000,49.5270
JUL1986,2.0396,1.4000,0.7500,3.4246,7.0717,10.1667,6.0560,1.3038,0.9008,0.7358,,,,,,-1.8693,2.6296,82669.00,7.0000,49.8283
AUG1986,2.1743,1.4300,0.5200,3.8681,7.8478,10.3479,6.5376,1.4998,0.7861,0.6745,,,,,,-2.0199,1.9663,82761.00,6.9000,49.9409
SEP1986,1.7966,1.3100,0.8500,3.6919,7.0934,8.9532,6.0246,1.5032,0.9953,0.2934,,,,,,-2.5403,3.2656,82997.00,7.0000,50.0448
OCT1986,1.8671,1.3700,0.6000,4.0612,7.4912,9.4003,6.6200,1.3278,0.9978,0.5393,,,,,,-2.3198,2.1516,83125.00,7.0000,50.2401
NOV1986,2.0277,1.4700,0.8700,3.7964,7.4137,9.5792,6.4743,1.3659,1.0083,0.6618,,,,,,-1.9456,2.1308,83275.00,6.9000,50.4787
DEC1986,1.9226,1.4600,2.2800,4.2557,6.9520,9.1586,5.9749,1.2414,1.1226,0.6811,,,,,,-1.7063,10.4734,83463.00,6.6000,50.9329
JAN1987,1.7732,1.3200,0.3900,4.9768,7.8202,9.8633,6.6001,1.2306,1.0413,0.5426,,,,,,-1.6713,2.4586,83610.00,6.6000,50.7662
FEB1987,1.9243,1.2600,0.6800,4.8629,8.0424,9.8811,6.9904,1.3044,1.0091,0.6198,,,,,,-1.7742,2.2650,83851.00,6.6000,51.5080
MAR1987,1.8845,1.2300,1.1300,5.3487,7.7027,9.0737,6.6682,1.3646,1.0318,0.5199,,,,,,-1.8623,2.5101,84072.00,6.6000,51.5353
APR1987,1.6193,1.2000,1.6500,5.4159,7.2856,9.3204,6.3983,2.0348,1.3327,-0.4155,,,,,,-2.6882,3.9919,84365.00,6.3000,51.8364
MAY1987,1.6301,1.1700,1.4400,5.6624,7.3717,9.1794,6.3748,1.3872,1.0634,0.2428,,,,,,-2.7393,2.9103,84589.00,6.3000,52.2250
JUN1987,1.5804,1.1700,1.8600,5.7517,7.5389,9.6294,6.4701,1.3423,1.0481,0.2381,,,,,,-2.6171,2.8450,84748.00,6.2000,52.4264
JUL1987,1.7247,1.2000,1.0500,6.1885,7.4847,9.6836,6.6643,1.2109,0.9599,0.5138,,,,,,-2.5021,3.1287,85058.00,6.1000,52.7913
AUG1987,1.5993,1.1300,1.0400,6.7662,8.1935,10.2252,7.0065,1.0972,0.9495,0.5021,,,,,,-2.6029,3.2826,85216.00,6.0000,53.0560
SEP1987,1.6119,1.1300,1.1100,5.7521,7.1526,9.0509,6.4127,1.0997,1.0109,0.5122,,,,,,-2.8647,4.6126,85482.00,5.9000,53.3964
OCT1987,1.3951,1.1400,2.6900,3.3297,4.3769,6.0702,3.7751,2.2727,1.6530,-0.8776,,,,,,-3.5715,2.8264,85840.00,6.0000,54.3194
NOV1987,1.4641,1.1000,3.1400,2.7103,3.5290,5.1703,3.3494,1.2126,1.3134,0.2516,,,,,,-3.7132,3.3511,86041.00,5.8000,54.6220
DEC1987,1.3496,1.1600,3.0700,2.9025,3.7229,5.3210,3.3801,1.3622,1.2299,-0.0127,,,,,,-3.0998,3.1182,86287.00,5.7000,54.9779
JAN1988,1.5986,1.2500,1.3400,3.0918,3.9548,5.5087,3.7418,1.8259,1.3131,-0.2273,,,,,,-2.6389,3.0114,86363.00,5.7000,54.8702
FEB1988,1.5581,1.2400,1.3100,2.8449,3.9794,5.4091,3.6786,1.3486,1.2264,0.2095,,,,,,-2.5625,2.8164,86791.00,5.7000,54.9986
MAR1988,1.4994,1.2000,0.7700,2.1027,3.9193,4.7438,3.3988,1.5578,1.2921,-0.0585,,,,,,-2.8570,2.9806,87009.00,5.7000,55.1989
APR1988,1.4459,1.2100,1.1500,2.1542,3.8886,4.8385,3.3223,1.4355,1.2540,0.0103,,,,,,-2.8742,2.9681,87249.00,5.4000,55.6791
MAY1988,1.4403,1.0700,1.4800,2.1818,3.6132,4.9223,3.4787,1.3666,1.2842,0.0736,,,,,,-2.6715,3.3446,87447.00,5.6000,55.6356
JUN1988,1.3818,1.1500,1.8600,1.9108,4.0241,5.2659,3.6934,1.3093,1.2493,0.0726,,,,,,-2.1625,4.0518,87776.00,5.4000,55.7363
JUL1988,1.3711,1.1600,1.5000,2.2196,3.8958,4.6880,3.5219,1.5875,1.3062,-0.2164,,,,,,-2.1239,3.4937,88020.00,5.4000,55.7902
AUG1988,1.3379,1.0900,0.6100,2.0719,3.4982,4.4993,3.2617,1.3592,1.2771,-0.0212,,,,,,-1.7884,3.6974,88091.00,5.6000,55.8380
SEP1988,1.3688,0.8400,1.1900,2.3074,3.6452,4.9278,3.5104,1.2388,1.2364,0.1300,,,,,,-1.4803,4.2294,88341.00,5.4000,55.9911
OCT1988,1.4545,0.8400,1.4600,2.3205,4.1381,5.0732,3.5074,1.2378,1.2309,0.2167,,,,,,-1.1491,3.9723,88573.00,5.4000,56.2828
NOV1988,1.3862,1.0800,1.9800,3.7869,6.9176,7.8618,5.3033,1.3026,1.1000,0.0836,,,,,,-1.0382,4.1348,88836.00,5.3000,56.4495
DEC1988,1.3237,1.0800,2.4700,4.4904,7.5598,8.6272,6.0355,1.1193,1.0668,0.2044,,,,,,-0.8411,4.6221,89135.00,5.3000,56.6799
JAN1989,1.3801,1.0000,1.1800,1.2165,5.4818,9.3345,4.6742,1.2657,1.0427,0.1144,,,,,,-0.3539,4.6080,89359.00,5.4000,57.1643
FEB1989,1.2480,0.9100,2.2400,1.1197,5.8085,9.0301,4.7677,1.2748,1.0474,-0.0269,,,,,,-0.3655,5.3113,89579.00,5.2000,56.6011
MAR1989,1.2925,0.7600,1.1800,1.0078,5.9384,9.6597,4.5211,1.0565,1.0411,0.2360,,,,,,-0.1427,5.1777,89761.00,5.0000,56.5343
APR1989,1.4902,0.8600,1.1400,2.5727,6.7835,10.5627,4.8906,1.0027,0.9724,0.4875,,,,,,-0.4150,5.3352,89916.00,5.2000,56.6430
MAY1989,1.5566,0.9100,1.1900,2.6772,7.0043,11.0375,4.9948,1.3684,0.9454,0.1883,,,,,,0.2036,6.1452,89998.00,5.2000,56.1442
JUN1989,1.6384,0.9200,1.1400,2.4510,6.6620,10.8232,5.0607,1.2677,0.8964,0.3708,,,,,,0.0346,5.3539,90079.00,5.3000,56.2952
JUL1989,1.7454,0.9600,0.7400,2.0048,5.1812,10.2010,5.6998,1.1300,0.8168,0.6154,,,,,,0.1852,4.8493,90125.00,5.2000,55.6358
AUG1989,1.5278,0.9100,1.1000,3.0185,8.0439,11.8352,5.6871,1.2009,0.7772,0.3269,,,,,,-0.1982,5.0118,90088.00,5.2000,56.1412
SEP1989,1.2727,0.8900,1.1700,3.0583,8.2875,11.5297,5.5586,0.9230,0.7951,0.3497,,,,,,-0.2501,5.4525,90299.00,5.3000,56.0330
OCT1989,1.2610,0.8400,0.9000,2.7477,7.2003,10.5225,4.7785,1.0202,0.8532,0.2408,,,,,,-0.0051,5.2678,90404.00,5.3000,55.9165
NOV1989,1.2805,0.9400,1.3100,2.3621,7.4138,10.5829,4.9722,0.8532,0.8695,0.4272,,,,,,-0.0926,4.9603,90657.00,5.4000,56.0026
DEC1989,1.2521,0.9700,1.7600,2.2517,7.8007,10.9392,5.0791,0.8828,0.8242,0.3693,,,,,,-0.2490,4.3156,90734.00,5.4000,56.0508
JAN1990,1.1238,0.9600,1.0300,3.9451,6.9534,10.2402,5.5716,1.0360,0.8810,0.0878,,,,,,-0.5116,4.6590,91000.00,5.4000,55.9480
FEB1990,1.0856,0.9400,0.9400,4.0312,7.2495,9.8981,5.5979,0.8765,0.9234,0.2090,,,,,,-0.5814,4.8288,91219.00,5.3000,56.7782
MAR1990,1.1800,0.8400,0.3700,4.5845,7.8286,10.3913,6.0021,0.8612,0.9342,0.3188,,,,,,-0.6851,4.5967,91317.00,5.2000,57.0605
APR1990,0.8909,0.9100,0.8800,4.3727,7.2386,9.4817,5.6236,0.9540,0.9237,-0.0632,,,,,,-1.0624,4.2816,91274.00,5.4000,56.9142
MAY1990,0.7935,0.9400,0.8700,5.0812,7.5022,9.9380,5.6708,0.8942,0.8733,-0.1007,,,,,,-0.6788,4.2122,91201.00,5.4000,57.0164
JUN1990,0.7969,0.9800,0.6400,4.8648,7.0136,9.2869,5.5796,0.7920,0.9038,0.0050,,,,,,-0.5306,4.2055,91261.00,5.2000,57.1840
JUL1990,0.7997,0.9200,0.4200,2.5718,4.6486,8.8041,5.4464,0.8236,0.9597,-0.0239,,,,,,-0.6896,3.7625,91215.00,5.5000,57.1017
AUG1990,0.7753,0.9700,0.5400,2.1799,4.5066,6.3080,4.2882,1.0786,1.0465,-0.3033,,,,,,-1.3229,3.7742,91110.00,5.7000,57.2479
SEP1990,0.7987,1.1600,1.1000,1.5603,3.4714,5.8246,3.4714,0.8900,1.0476,-0.0913,,,,,,-1.5471,3.4708,91048.00,5.9000,57.2763
OCT1990,1.0188,1.2900,1.2500,1.6935,3.5287,6.1739,3.1135,0.9630,1.0963,0.0558,,,,,,-1.3729,4.9652,90881.00,5.9000,56.7939
NOV1990,1.2394,1.3600,0.9500,2.3921,3.8772,6.7875,3.6811,1.0208,1.0775,0.2185,,,,,,-1.1038,3.0836,90730.00,6.2000,56.1469
DEC1990,1.2129,1.3800,1.8300,2.2252,3.4002,6.1368,3.4002,1.0580,1.0683,0.1549,,,,,,-1.6065,1.1429,90652.00,6.3000,55.6887
JAN1991,1.2521,1.3400,1.0400,2.9361,3.6823,5.9352,3.6823,1.0527,1.0641,0.1994,,,,,,-1.7812,3.9109,90527.00,6.4000,55.2615
FEB1991,1.0853,1.2500,0.8500,3.2594,4.1964,6.7434,4.1964,0.9652,1.0300,0.1201,,,,,,-1.9263,2.5669,90213.00,6.6000,54.9067
MAR1991,1.0184,1.1100,0.3200,3.2914,4.2838,6.8832,4.2838,0.9514,1.0447,0.0670,,,,,,-2.2766,1.3088,90047.00,6.8000,54.5636
APR1991,1.0488,1.0200,0.3900,2.7914,4.3433,6.9461,4.3433,0.9831,1.0454,0.0658,,,,,,-2.4884,2.0640,89839.00,6.7000,54.7189
MAY1991,1.0232,0.9500,0.3500,2.5564,4.6441,6.5423,4.7753,0.9374,1.0027,0.0858,,,,,,-2.5261,2.1840,89698.00,6.9000,55.1419
JUN1991,1.0247,0.8800,0.8000,2.3153,4.0603,5.9648,4.1545,1.0156,1.0976,0.0091,,,,,,-2.7193,2.9592,89722.00,6.9000,55.7963
JUL1991,1.1072,0.8700,0.3600,2.1980,4.0976,6.5329,4.0976,1.0134,1.0938,0.0938,,,,,,-2.5877,2.2367,89638.00,6.8000,55.9443
AUG1991,1.0306,0.8800,0.3100,2.1095,4.1726,6.4207,4.1726,0.9760,0.9959,0.0547,,,,,,-2.5140,1.7789,89684.00,6.9000,56.0528
SEP1991,1.1145,0.8800,0.4100,2.4265,4.2229,7.0068,4.6212,1.0452,0.9828,0.0693,,,,,,-2.3912,1.9723,89743.00,6.9000,56.6739
OCT1991,1.1009,0.9200,0.2400,2.3314,4.5624,6.8320,4.7771,1.0225,0.9527,0.0784,,,,,,-2.6982,1.5227,89705.00,7.0000,56.5538
NOV1991,1.0933,1.0000,0.7100,2.2888,4.5705,6.5886,4.7561,0.9988,0.9859,0.0945,,,,,,-3.1329,1.2576,89613.00,7.0000,56.4271
DEC1991,1.1826,0.9400,0.2700,2.1339,5.3536,7.1319,5.3536,1.1503,0.9817,0.0323,,,,,,-3.0257,0.4011,89622.00,7.3000,56.3805
JAN1992,1.0327,0.9400,0.3300,2.5303,5.6066,7.4851,5.6589,1.0700,0.9760,-0.0373,,,,,,-3.5758,0.5836,89624.00,7.3000,56.0282
FEB1992,0.9859,0.9000,0.2500,3.0696,5.3774,7.8191,5.5627,0.9923,0.9785,-0.0064,,,,,,-3.4785,0.5104,89557.00,7.4000,56.6028
MAR1992,0.9270,0.8700,0.1400,2.7918,4.6330,7.2758,4.6330,0.9729,0.9827,-0.0458,,,,,,-3.5394,0.4489,89581.00,7.4000,57.1692
APR1992,0.9408,0.8500,0.3500,3.5454,5.1909,7.9949,5.5647,0.9625,0.9603,-0.0218,,,,,,-3.9451,0.1949,89715.00,7.4000,57.4968
MAY1992,0.9339,0.8700,0.2100,3.4299,5.3851,7.9216,5.5360,1.0262,0.9870,-0.0923,,,,,,-3.6985,0.0328,89827.00,7.6000,57.8270
JUN1992,0.9097,0.8200,0.2900,4.0331,4.6983,7.3352,5.1288,1.0483,1.0196,-0.1386,,,,,,-3.7401,1.0356,89878.00,7.8000,58.0353
JUL1992,0.9456,0.6900,0.2800,3.8192,4.7638,7.7113,5.3144,1.1668,1.0274,-0.2212,,,,,,-3.7137,0.0312,89894.00,7.7000,58.5201
AUG1992,1.1206,0.7200,0.3000,2.8475,4.7143,7.5068,4.7143,1.1665,1.0324,-0.0460,,,,,,-3.7246,0.1199,89969.00,7.6000,58.2939
SEP1992,1.2227,0.7200,0.5500,2.6655,4.7598,7.3665,4.7598,1.1891,1.0259,0.0336,,,,,,-3.9954,1.2938,90058.00,7.6000,58.3294
OCT1992,1.1567,0.9000,0.4500,2.2650,4.8216,7.1653,4.9333,1.1455,1.0098,0.0112,,,,,,-4.0234,0.1425,90236.00,7.3000,58.7193
NOV1992,1.1153,0.8700,0.5400,2.5888,5.2106,7.3860,5.5396,1.0583,0.9814,0.0570,,,,,,-3.8365,0.4398,90363.00,7.4000,58.9588
DEC1992,1.1704,0.8500,0.5900,2.8951,5.5813,7.8830,5.8844,1.0779,0.9636,0.0925,,,,,,-3.5500,-0.3018,90537.00,7.4000,58.8407
JAN1993,1.1913,0.7000,0.3300,2.5563,4.9069,7.8682,5.4922,1.1433,0.9708,0.0480,,,,,,-3.6863,0.2225,90824.00,7.3000,59.4451
FEB1993,1.2172,0.6200,0.4800,2.3124,4.8282,8.1980,5.5865,1.2105,0.9684,0.0067,,,,,,-3.3372,0.5008,91065.00,7.1000,59.5284
MAR1993,1.1843,0.5800,0.3500,2.6432,5.3132,7.9933,5.4302,1.1649,0.9801,0.0195,,,,,,-3.4121,1.3242,91009.00,7.0000,59.4170
APR1993,1.2259,0.7600,0.2100,2.5784,4.9782,7.4839,5.4185,1.1999,0.9900,0.0260,,,,,,-3.0800,0.6039,91287.00,7.1000,59.7569
MAY1993,1.1367,0.8000,0.1400,2.6623,4.8245,7.6814,5.3028,1.1316,0.9789,0.0051,,,,,,-3.1959,0.6817,91539.00,7.1000,59.7127
JUN1993,1.1330,0.7200,0.3600,2.4739,5.0274,8.1152,5.4625,1.2095,1.0227,-0.0765,,,,,,-2.8677,1.4299,91694.00,7.0000,59.6215
JUL1993,1.1046,0.8000,0.2500,2.6413,5.0035,8.0062,5.4419,1.1878,1.0289,-0.0833,,,,,,-2.8789,0.6133,91898.00,6.9000,59.8027
AUG1993,1.1522,0.7100,0.2200,2.5106,5.1298,8.3681,5.7113,1.2633,1.0387,-0.1111,,,,,,-2.5474,0.9547,92091.00,6.8000,59.7638
SEP1993,1.1887,0.6700,0.3400,2.5143,5.1689,8.0964,5.8688,1.2094,1.0322,-0.0207,,,,,,-2.6061,1.6870,92319.00,6.7000,60.1691
OCT1993,1.1372,0.6700,0.2700,3.1175,5.4843,8.1109,6.2166,1.2309,1.0430,-0.0937,,,,,,-2.5292,0.7401,92595.00,6.8000,60.6754
NOV1993,1.0877,0.7500,0.3100,3.5074,5.2528,8.0844,5.7565,1.2387,1.0716,-0.1510,,,,,,-2.7503,1.0690,92830.00,6.6000,60.9268
DEC1993,1.0576,0.7700,0.3200,3.3983,5.0095,7.6043,5.5875,1.2370,1.0942,-0.1794,,,,,,-2.9076,0.6783,93097.00,6.5000,61.2871
JAN1994,1.0087,0.7000,0.2700,3.8838,5.7732,8.4935,5.8329,1.2586,1.0902,-0.2499,,,,,,-2.7536,1.5893,93327.00,6.6000,61.4198
FEB1994,0.9149,0.6700,0.5500,2.9497,5.5173,8.0720,5.6525,1.3610,1.1850,-0.4461,,,,,,-2.9075,1.5279,93525.00,6.6000,61.5190
MAR1994,0.9896,0.6400,0.2400,3.2429,4.7167,7.6689,5.0158,1.3340,1.1931,-0.3444,,,,,,-3.3536,2.1443,93947.00,6.5000,62.3646
APR1994,0.9907,0.6400,0.2300,3.0003,4.7400,7.5888,5.0521,1.3066,1.1939,-0.3159,,,,,,-3.2004,1.5451,94267.00,6.4000,62.8720
MAY1994,1.0206,0.6500,0.4800,2.7848,4.9528,7.6716,5.1624,1.3377,1.2079,-0.3171,,,,,,-3.0123,2.5470,94557.00,6.1000,63.3217
JUN1994,0.9889,0.6800,0.9000,2.9913,3.9098,7.4658,4.9161,1.3542,1.2389,-0.3653,,,,,,-3.2384,3.9804,94862.00,6.1000,63.5513
JUL1994,0.9785,0.6900,0.4600,3.4208,4.2530,8.0319,5.0801,1.3013,1.1881,-0.3228,,,,,,-2.8349,2.1170,95198.00,6.1000,63.8611
AUG1994,0.9561,0.6600,0.4500,2.9184,4.2151,8.3462,5.4607,1.2512,1.1626,-0.2951,,,,,,-2.5781,2.4258,95493.00,6.0000,64.3399
SEP1994,0.9153,0.6200,0.4900,2.7684,3.9835,7.7362,5.1656,1.3502,1.2401,-0.4350,,,,,,-2.9087,3.1730,95816.00,5.9000,64.5336
OCT1994,0.9425,0.6300,0.6200,2.8108,3.8331,7.8643,5.2037,1.2762,1.2150,-0.3337,,,,,,-2.6931,2.5982,96016.00,5.8000,65.2146
NOV1994,0.9849,0.6400,1.1100,2.3769,3.8281,7.2624,4.8929,1.3054,1.2537,-0.3205,,,,,,-2.2244,3.2862,96416.00,5.6000,65.7313
DEC1994,1.0112,0.6500,1.1000,2.5536,3.9237,7.3888,5.1341,1.2850,1.2445,-0.2738,,,,,,-2.2579,2.6388,96669.00,5.5000,66.5262
JAN1995,1.0482,0.5900,0.8700,1.7277,4.0249,7.4997,5.4281,1.3382,1.2543,-0.2899,,,,,,-1.6727,3.5626,96981.00,5.6000,66.7396
FEB1995,0.9928,0.5900,0.9600,1.8469,4.3990,7.5788,5.5277,1.3303,1.2337,-0.3375,,,,,,-1.3943,3.6360,97180.00,5.4000,66.6361
MAR1995,0.9997,0.5600,0.2700,2.1075,4.8268,8.2459,5.7634,1.3399,1.2271,-0.3401,,,,,,-1.4477,3.8776,97382.00,5.4000,66.8103
APR1995,0.9876,0.5700,0.2900,2.2913,5.1097,8.5258,6.3299,1.2513,1.1739,-0.2637,,,,,,-1.2687,3.7138,97537.00,5.8000,66.7281
MAY1995,1.0703,0.5700,0.4500,2.5952,5.3452,8.7482,6.5825,1.4804,1.2454,-0.4101,,,,,,-0.6145,3.7150,97537.00,5.6000,66.7626
JUN1995,1.1073,0.6000,0.6900,2.9963,5.6099,8.7811,6.5730,1.2959,1.1279,-0.1886,,,,,,-0.7323,3.7131,97741.00,5.6000,67.0721
JUL1995,1.0317,0.6200,0.3500,2.8526,5.7230,9.0899,6.7377,1.3821,1.1745,-0.3504,,,,,,-0.9771,3.7343,97828.00,5.7000,66.6620
AUG1995,1.0474,0.6300,0.4400,3.0775,5.5431,9.3187,6.7519,1.2985,1.1307,-0.2511,,,,,,-0.9513,3.7994,98107.00,5.7000,67.4732
SEP1995,1.0459,0.6100,0.6400,2.8597,5.3604,9.2061,6.4312,1.2558,1.1120,-0.2098,,,,,,-0.8839,3.9773,98351.00,5.6000,68.0471
OCT1995,1.1306,0.6600,0.7600,2.0958,4.8609,9.3225,6.2004,1.3125,1.1446,-0.1819,,,,,,-0.6356,3.7806,98464.00,5.5000,67.9744
NOV1995,1.1713,0.6800,0.3300,2.3242,5.2695,9.4802,6.4656,1.2651,1.1021,-0.0938,,,,,,-0.4023,3.9075,98613.00,5.6000,68.0224
DEC1995,1.1913,0.6700,1.0200,2.3580,5.5787,9.9435,6.6380,1.2758,1.0782,-0.0845,,,,,,-0.6023,2.6428,98741.00,5.6000,68.3262
JAN1996,1.1872,0.6400,0.7100,3.3120,6.6386,10.5769,7.7596,1.2971,1.0994,-0.1099,,,,,,-0.6665,3.5281,98738.00,5.6000,67.8378
FEB1996,1.0881,0.6600,0.2800,3.6728,6.9557,10.2155,7.6615,1.4159,1.1751,-0.3279,,,,,,-1.2080,4.0088,99137.00,5.5000,68.9576
MAR1996,1.0541,0.7000,0.2000,3.9464,6.8044,10.0085,7.5939,1.3932,1.1739,-0.3392,,,,,,-1.3695,3.2538,99353.00,5.5000,68.8193
APR1996,1.0206,0.6800,0.4800,4.0148,6.5381,9.5461,7.2568,1.3128,1.1449,-0.2922,,,,,,-1.6278,3.5298,99531.00,5.6000,69.5745
MAY1996,0.9630,0.6600,0.3300,4.0707,6.6766,9.7543,7.4521,1.2878,1.1460,-0.3248,,,,,,-1.7589,3.4454,99840.00,5.6000,70.0679
JUN1996,1.0006,0.7000,0.6800,3.4480,6.6242,10.1806,7.5100,1.3030,1.1548,-0.3024,,,,,,-1.6085,3.1350,100119.0,5.3000,70.8809
JUL1996,1.0068,0.7200,0.5100,3.4829,5.7332,9.1307,6.5535,1.3846,1.2377,-0.3777,,,,,,-1.5179,4.8890,100332.0,5.5000,71.1156
AUG1996,0.9698,0.6800,0.2600,3.8070,5.7785,9.0434,6.7330,1.4100,1.2491,-0.4402,,,,,,-1.7322,3.3764,100571.0,5.1000,71.5356
SEP1996,0.9589,0.6800,0.3600,3.2732,6.1570,9.6562,6.7696,1.3846,1.2392,-0.4257,,,,,,-1.7462,4.3278,100728.0,5.2000,72.0244
OCT1996,1.0073,0.6800,0.2900,3.3735,6.0951,10.0104,6.7444,1.3933,1.2351,-0.3860,,,,,,-1.2710,3.6996,100984.0,5.2000,71.9480
NOV1996,1.0533,0.7000,0.3700,3.8051,6.5265,10.6047,7.2276,1.4055,1.2071,-0.3523,,,,,,-0.9944,3.5116,101269.0,5.4000,72.5170
DEC1996,1.0037,0.7000,0.4700,3.5866,6.0580,9.3314,6.6933,1.4512,1.2637,-0.4475,,,,,,-1.2640,4.2492,101430.0,5.4000,73.1206
JAN1997,1.0177,0.6400,0.3900,4.3826,6.1832,9.1716,6.8523,1.3699,1.2298,-0.3521,,,,,,-1.4110,3.4447,101638.0,5.3000,73.1384
FEB1997,0.9455,0.6200,0.2500,4.2997,6.2702,8.8425,6.7929,1.4342,1.2662,-0.4887,,,,,,-1.4157,3.5657,101934.0,5.2000,74.1569
MAR1997,0.9426,0.6100,0.3900,3.9847,5.6931,8.3943,6.3470,1.4615,1.3043,-0.5189,,,,,,-1.6601,5.0411,102236.0,5.2000,75.0785
APR1997,0.9475,0.6200,0.6500,4.4349,5.7435,9.0064,6.5566,1.3891,1.2626,-0.4416,,,,,,-1.5321,3.7632,102532.0,5.1000,74.8983
MAY1997,0.9115,0.6100,1.3200,4.5191,6.3669,9.5333,6.8025,1.3487,1.2363,-0.4372,,,,,,-1.8118,3.4542,102790.0,4.9000,75.5730
JUN1997,0.9558,0.5800,0.5400,4.1432,5.9916,9.6123,6.8225,1.4679,1.2945,-0.5121,,,,,,-1.4289,4.8271,102984.0,5.0000,76.0342
JUL1997,0.9876,0.6200,0.5900,4.8994,6.5656,9.8049,7.0936,1.5194,1.2896,-0.5318,,,,,,-0.8690,3.8533,103241.0,4.9000,76.3679
AUG1997,0.9603,0.5300,0.5400,5.1554,6.5141,8.8107,7.1996,1.4625,1.2674,-0.5023,,,,,,-1.2294,3.5520,103292.0,4.8000,77.6632
SEP1997,0.9500,0.5800,0.8300,4.7177,6.0275,8.8671,7.0485,1.5508,1.3221,-0.6008,,,,,,-1.2000,3.9691,103738.0,4.9000,78.3061
OCT1997,1.1058,0.5700,0.7200,4.2230,5.5706,7.9808,6.5445,1.5835,1.3413,-0.4778,,,,,,-0.7828,3.8070,104018.0,4.7000,78.7596
NOV1997,1.0922,0.5500,0.7500,4.3671,5.8231,8.4106,6.8627,1.4901,1.2939,-0.3979,,,,,,-0.7416,3.8047,104298.0,4.6000,79.6728
DEC1997,1.1296,0.5700,1.0500,4.8527,6.3058,8.4683,6.4132,1.5897,1.3596,-0.4600,,,,,,-0.4805,4.2307,104592.0,4.7000,80.0754
JAN1998,1.2355,0.5900,0.6800,5.0790,6.3024,8.7470,6.3406,1.6152,1.3483,-0.3796,,,,,,-0.4647,3.8535,104858.0,4.6000,80.7679
FEB1998,1.1554,0.5800,0.4500,5.2846,6.4953,8.8241,6.6764,1.5078,1.2908,-0.3524,,,,,,-0.4591,3.9310,105031.0,4.6000,80.7777
MAR1998,1.1425,0.6300,0.2900,5.3201,7.0458,8.8695,7.0458,1.5446,1.3090,-0.4021,,,,,,-0.6552,4.3792,105169.0,4.7000,80.6383
APR1998,1.0532,0.6200,0.8200,4.7601,6.7362,9.1155,6.7603,1.5220,1.3101,-0.4688,,,,,,-0.8562,4.2192,105422.0,4.3000,81.0344
MAY1998,1.0413,0.6000,0.9700,4.8250,6.5884,8.8377,6.6355,1.4682,1.2873,-0.4269,,,,,,-0.7240,4.2368,105764.0,4.4000,81.4983
JUN1998,1.1413,0.6000,0.8900,4.1117,6.1086,8.8076,6.2791,1.5621,1.3470,-0.4208,,,,,,-0.5032,5.6316,105972.0,4.5000,80.8945
JUL1998,1.1900,0.6100,0.8200,3.5487,5.3336,8.6155,5.7206,1.5748,1.3877,-0.3848,,,,,,-0.5432,4.4590,106040.0,4.5000,80.4152
AUG1998,1.8444,0.6500,0.9200,2.8788,4.3062,7.5426,4.5517,1.9085,1.5226,-0.0641,,,,,,-0.3234,4.5112,106363.0,4.5000,82.5795
SEP1998,1.9456,0.7700,1.1600,2.6991,4.4779,7.5175,4.5608,2.0828,1.5765,-0.1372,,,,,,-0.3225,4.5311,106555.0,4.6000,82.3450
OCT1998,2.1232,0.8200,1.5400,2.6538,4.4185,7.5357,4.4415,2.1612,1.5833,-0.0380,,,,,,-0.5580,3.9556,106732.0,4.5000,83.1720
NOV1998,1.7520,1.0200,0.5500,3.1096,4.6100,8.0425,4.5677,1.7375,1.4328,0.0145,,,,,,-0.4193,3.6740,106973.0,4.4000,83.2674
DEC1998,1.7250,1.0000,0.5600,2.8470,4.5075,8.0019,4.5813,1.8513,1.4880,-0.1263,,,,,,-0.5306,2.6586,107280.0,4.4000,83.7236
JAN1999,1.6692,1.0500,0.4300,2.5585,4.4051,7.5052,4.4659,1.8125,1.4963,-0.1433,,,,,,-0.5056,3.2559,107396.0,4.3000,83.9458
FEB1999,1.5623,0.9400,0.4100,2.5626,4.2218,7.3876,4.2711,1.9417,1.5990,-0.3794,,,,,,-0.9330,3.2578,107746.0,4.4000,84.5657
MAR1999,1.4837,0.8600,0.2200,2.5422,4.0544,6.8021,4.1161,1.7780,1.5512,-0.2942,,,,,,-1.1218,3.4699,107828.0,4.2000,84.5002
APR1999,1.4694,0.8000,0.3800,2.7109,4.4058,6.9170,4.3415,1.7666,1.5289,-0.2972,,,,,,-1.0881,3.5991,108135.0,4.3000,84.8489
MAY1999,1.5145,0.8000,0.4900,2.8329,4.2103,6.8923,4.2388,1.8156,1.5643,-0.3011,,,,,,-0.9800,3.1474,108356.0,4.2000,85.6596
JUN1999,1.5464,0.7800,0.9800,2.4236,4.3851,6.7251,4.4243,1.7767,1.5420,-0.2302,,,,,,-1.3306,3.6972,108579.0,4.3000,85.4267
JUL1999,1.8334,0.7500,0.7100,2.2210,4.2535,6.6153,4.3915,1.9957,1.7313,-0.1623,,,,,,-1.4836,3.4912,108803.0,4.3000,85.8720
AUG1999,1.8006,0.7800,0.8300,2.3942,4.1902,6.5933,4.3750,1.9697,1.6845,-0.1691,,,,,,-1.3603,4.0938,108959.0,4.2000,86.3595
SEP1999,1.8461,0.8100,0.8300,2.5674,4.2287,6.6040,4.3744,1.8629,1.6208,-0.0168,,,,,,-1.4002,4.2063,109132.0,4.2000,86.0782
OCT1999,1.8755,0.9200,0.9600,2.4337,4.0945,6.5860,4.2933,1.9358,1.6464,-0.0603,,,,,,-1.2468,3.7288,109487.0,4.1000,87.3880
NOV1999,1.8373,0.6700,1.0200,2.3735,3.7601,6.3263,4.1079,1.9425,1.6858,-0.1052,,,,,,-1.1795,4.1732,109742.0,4.1000,87.9316
DEC1999,1.6908,0.5400,0.1500,2.4523,3.8220,6.1321,4.0916,2.0320,1.7515,-0.3412,,,,,,-1.4185,2.4848,109992.0,4.0000,88.5550
JAN2000,1.7883,0.5800,0.6200,2.6481,3.4233,5.7796,3.9090,1.9443,1.7761,-0.1560,,,,,,-1.0828,4.4145,110210.0,4.0000,88.8003
FEB2000,1.9227,0.6400,0.4700,1.8512,3.2872,5.2226,3.5753,2.0719,1.8466,-0.1492,,,,,,-0.8571,4.3123,110303.0,4.1000,89.1129
MAR2000,2.3024,0.7300,0.2200,2.3586,3.5657,5.5474,3.7006,2.2073,1.8087,0.0951,,,,,,-0.4031,4.4780,110641.0,4.0000,89.7076
APR2000,2.4645,0.8400,0.8400,2.8869,3.2781,5.0667,3.4647,2.1935,1.8477,0.2710,,,,,,-0.6222,4.1989,110858.0,3.8000,90.2654
MAY2000,2.6561,0.9300,1.8100,1.7365,2.9974,4.8017,3.3467,2.2211,1.8906,0.4350,,,,,,-0.8849,5.1747,110738.0,4.0000,90.1356
JUN2000,2.6526,0.7400,1.0200,1.8890,2.8610,4.4258,3.0503,2.1608,1.9173,0.4919,,,,,,-0.4023,5.2005,110952.0,4.0000,90.2855
JUL2000,2.7826,0.7100,0.7100,1.9415,2.8043,4.2467,2.9849,2.2409,1.9227,0.5417,,,,,,0.0068,4.9835,111135.0,4.0000,90.2418
AUG2000,2.9067,0.7200,0.3600,2.2740,2.9806,4.6474,3.2176,2.2022,1.8829,0.7045,,,,,,0.3188,4.9701,111168.0,4.1000,89.7531
SEP2000,3.0171,0.7000,0.6200,1.8941,3.0579,4.6340,3.3377,2.2562,1.8668,0.7609,,,,,,0.1786,4.8504,111392.0,3.9000,90.2372
OCT2000,3.5241,0.8400,0.5900,1.8600,2.9713,4.6825,2.9713,2.3445,1.7966,1.1796,,,,,,0.4151,4.8335,111373.0,3.9000,89.9334
NOV2000,3.5831,0.8100,0.7500,1.5995,2.9480,4.8638,2.9254,2.3757,1.7557,1.2074,,,,,,0.5608,4.8471,111587.0,3.9000,89.6607
DEC2000,3.7099,0.8400,0.7400,1.7880,3.3678,5.3333,3.1505,2.4239,1.7603,1.2860,,,,,,0.5186,3.5503,111681.0,3.9000,89.0816
JAN2001,3.2662,0.7000,0.7200,1.7575,3.2767,4.9703,3.2251,2.4345,1.8387,0.8317,,,,,,-0.3825,3.9551,111634.0,4.2000,88.5506
FEB2001,3.1385,0.8300,0.4500,1.9693,3.4104,5.1309,3.3181,2.2512,1.8129,0.8873,,,,,,-0.3533,3.7494,111624.0,4.2000,88.1220
MAR2001,3.1992,0.9100,0.6200,1.8825,3.5402,5.3125,3.4113,2.2744,1.7971,0.9247,,,,,,-0.9333,3.4602,111555.0,4.3000,87.8724
APR2001,3.0633,0.8000,0.7400,2.3879,3.5735,5.4869,3.4899,2.3375,1.7587,0.7258,,,,,,-1.6232,2.9413,111227.0,4.4000,87.6351
MAY2001,2.9512,0.7900,0.5600,1.7507,3.7258,5.7725,3.6767,2.3062,1.7409,0.6449,,,,,,-2.0068,2.3833,111146.0,4.3000,86.8989
JUN2001,3.0829,0.8200,0.4300,2.2442,3.6851,5.7453,3.6395,2.1251,1.6912,0.9578,,,,,,-1.9915,2.1478,110910.0,4.5000,86.2840
JUL2001,2.8114,0.8200,0.0000,2.5628,3.6786,5.9299,3.6786,2.2824,1.7053,0.5290,,,,,,-1.7219,1.8481,110737.0,4.6000,85.8999
AUG2001,2.8730,0.8300,0.1000,2.1281,3.6983,6.0067,3.5079,2.3010,1.7545,0.5719,,,,,,-1.7548,1.6576,110544.0,4.9000,85.3389
SEP2001,3.3230,0.8500,0.3600,1.3863,2.9055,5.7306,2.7401,2.3403,1.7402,0.9827,,,,,,-2.5284,0.8109,110276.0,5.0000,85.1207
OCT2001,3.2893,0.8700,0.0800,1.4979,3.0932,5.5715,2.8703,2.4659,1.7772,0.8234,,,,,,-2.5395,1.5214,109918.0,5.3000,84.5566
NOV2001,2.8497,0.8600,0.0900,2.0112,3.4695,5.6715,3.2515,3.3617,2.2850,-0.5121,,,,,,-3.3408,0.3513,109575.0,5.5000,84.3695
DEC2001,2.8731,1.3100,0.0800,2.2710,3.6541,5.5501,3.5017,2.5314,1.8290,0.3418,,,,,,-3.6481,-0.2211,109368.0,5.7000,84.5801
JAN2002,2.8482,1.3800,0.0700,2.3968,3.7533,5.9636,3.6551,2.3769,1.7909,0.4713,,,,,,-3.5701,0.1456,109214.0,5.7000,85.0694
FEB2002,2.8462,1.3400,0.0000,1.9408,4.0482,5.9911,3.8578,2.1220,1.7252,0.7242,,,,,,-3.4282,0.4061,109054.0,5.7000,85.0773
MAR2002,2.6168,1.3300,0.0200,2.3291,4.1504,6.4753,4.1504,2.3305,1.7723,0.2863,,,,,,-3.9357,0.2864,108989.0,5.7000,85.7430
APR2002,2.6315,1.2400,-0.0400,2.0882,4.7827,6.0866,4.6939,2.2225,1.7492,0.4090,,,,,,-3.5978,0.3317,108892.0,5.9000,85.9603
MAY2002,2.5977,1.3300,0.0200,2.0645,4.4648,6.3522,4.4648,2.1584,1.7451,0.4393,,,,,,-3.5608,0.1711,108814.0,5.8000,86.5877
JUN2002,3.0963,1.3800,0.0700,1.4840,3.8901,5.8078,3.7606,2.3069,1.7503,0.7895,,,,,,-3.4113,0.0181,108824.0,5.8000,87.6147
JUL2002,3.7429,1.2300,0.0800,1.0933,3.1280,5.0216,3.0742,2.5859,1.8415,1.1570,,,,,,-3.0443,0.1090,108732.0,5.8000,87.1878
AUG2002,3.7735,1.1800,0.0100,0.9916,2.8375,5.0960,2.8284,2.6120,1.8707,1.1615,,,,,,-2.7260,0.1945,108671.0,5.7000,87.5470
SEP2002,4.1175,1.3000,0.1300,0.8107,2.4386,4.3362,2.4382,2.8714,1.9447,1.2461,,,,,,-2.3991,0.0872,108659.0,5.7000,87.6262
OCT2002,4.2186,1.4100,0.1800,1.2562,2.9157,5.0000,2.8945,3.1907,1.9208,1.0279,,,,,,-2.7882,-0.6577,108772.0,5.7000,87.2368
NOV2002,3.5491,1.2100,0.0500,1.2703,3.1358,5.2092,3.1140,2.8361,1.9906,0.7130,,,,,,-3.2962,-0.6209,108758.0,5.9000,87.7035
DEC2002,3.5305,1.2200,0.0800,0.8922,3.1535,4.8722,2.8958,2.9447,2.0746,0.5859,,,,,,-2.8739,-0.5913,108595.0,6.0000,87.2267
JAN2003,3.3153,1.1200,0.0700,0.9336,2.8086,4.6360,2.6547,2.7874,2.1956,0.5279,-2.4640,0.2934,0.4505,31.1700,-2.0547,-3.0487,-0.4584,108640.0,5.8000,87.7611
FEB2003,3.2899,1.0900,0.0700,0.7833,2.6837,4.5519,2.4710,2.9593,2.2587,0.3306,-1.6501,0.2761,0.4763,29.6300,-1.6167,-2.7362,-0.4089,108484.0,5.9000,87.9119
MAR2003,3.1073,1.1000,0.0600,0.8405,2.4930,4.3082,2.4573,3.3435,2.4699,-0.2362,0.9298,0.2508,0.4160,29.1500,1.1811,-2.9240,-0.2873,108286.0,5.9000,88.0961
APR2003,2.5674,1.1200,0.1100,1.0666,2.8627,4.5498,2.7581,2.7302,2.3279,-0.1627,7.8555,0.1465,0.2983,21.2100,12.4085,-2.9454,-0.3686,108252.0,6.0000,87.3894
MAY2003,2.6744,1.1800,0.0800,0.9698,3.1748,4.7240,3.1055,3.6548,2.7251,-0.9804,6.0642,0.1843,0.3556,19.4700,5.8804,-2.4324,-0.2251,108274.0,6.1000,87.4085
JUN2003,2.4129,1.1900,0.2100,1.0476,3.3229,5.2035,3.3229,3.0228,2.3899,-0.6099,1.5396,0.1814,0.3304,19.5200,3.2684,-2.7921,-0.0732,108233.0,6.3000,87.7525
JUL2003,2.3166,1.1200,0.1000,1.3755,3.7012,5.4162,3.6880,3.7193,2.8357,-1.4026,2.2106,0.1639,0.3278,19.4900,4.6948,-3.7177,-0.3962,108231.0,6.2000,87.8361
AUG2003,2.2751,1.0800,0.0600,1.9077,4.2468,6.3005,4.2468,2.5011,2.0428,-0.2259,2.3873,0.1582,0.2987,18.6300,-2.2537,-3.6635,-0.4557,108266.0,6.1000,87.5972
SEP2003,2.2674,1.1000,0.1400,2.0421,4.3116,6.4933,4.3246,3.0030,2.2766,-0.7356,-0.9913,0.1336,0.2733,22.7200,1.9728,-3.1695,-0.2180,108421.0,6.1000,88.3283
OCT2003,1.9690,1.0000,0.0800,2.7704,5.3377,7.4601,5.3377,2.5120,2.0203,-0.5430,5.7814,0.1017,0.2255,16.1000,5.9153,-3.5155,-0.3351,108570.0,6.0000,88.2595
NOV2003,1.8946,1.0300,0.0600,3.4770,5.4232,8.1494,5.5116,2.4272,1.9421,-0.5326,1.5674,0.1077,0.2331,16.3200,0.5423,-3.5654,-0.4267,108611.0,5.8000,89.1705
DEC2003,1.7815,0.9800,0.1000,2.8031,5.8701,8.8321,5.8701,2.2532,1.8365,-0.4717,4.3782,0.0868,0.2039,18.3100,4.5232,-3.4595,-0.5107,108724.0,5.7000,89.0118
JAN2004,1.6898,0.8200,0.1400,2.9221,6.5468,8.8766,6.2732,2.3870,1.9086,-0.6972,2.2083,0.1186,0.2408,16.6300,2.7759,-3.3799,-0.4817,108882.0,5.7000,89.0419
FEB2004,1.8273,0.7700,0.0500,2.8675,7.2701,9.9622,6.9987,2.0791,1.6860,-0.2519,1.4577,0.1126,0.2462,14.5500,3.0054,-3.1736,-0.7095,108913.0,5.6000,89.6230
MAR2004,1.8137,0.7800,0.0300,2.9766,7.3385,9.6917,7.1855,2.3236,1.8002,-0.5099,-1.1545,0.1297,0.2585,16.7400,0.3305,-3.0430,-0.7830,109213.0,5.8000,89.4181
APR2004,1.6781,0.7100,0.1600,3.2652,7.5034,9.8534,7.3520,2.3914,1.8969,-0.7133,-2.5281,0.1197,0.2451,16.8200,-6.4010,-3.7022,-0.8630,109437.0,5.6000,89.8009
MAY2004,1.8174,0.7200,0.0700,2.9938,7.2739,10.0765,7.1552,2.1089,1.7187,-0.2915,1.3275,0.1347,0.2644,15.5000,-0.1763,-3.7385,-0.9919,109747.0,5.6000,90.4225
JUN2004,1.7087,0.8000,0.1000,3.0095,7.3269,10.3515,6.9457,2.0051,1.6919,-0.2964,2.0482,0.1145,0.2671,14.3400,1.1536,-3.4340,-0.6804,109841.0,5.6000,89.6927
JUL2004,1.6433,0.7900,0.0600,2.8512,7.0532,10.4059,6.8455,1.9104,1.6527,-0.2671,-3.9382,0.1030,0.2507,15.3200,-3.6913,-3.2026,-0.9205,109883.0,5.5000,90.4193
AUG2004,1.7776,0.8100,0.0800,2.7484,6.9528,11.0642,6.7191,2.2140,1.8163,-0.4365,0.1574,0.0798,0.2159,15.2900,3.7468,-2.6872,-0.6259,109984.0,5.4000,90.9663
SEP2004,1.6534,0.7800,0.2700,2.5556,7.0569,11.0985,6.6694,2.2371,1.8397,-0.5837,1.9057,0.0712,0.2023,13.3400,-0.7734,-2.5625,-0.1969,110135.0,5.4000,90.9814
OCT2004,1.6551,0.7300,0.1400,2.4673,7.0993,11.8473,6.6454,2.2152,1.8419,-0.5600,1.6300,0.0667,0.2010,16.2700,2.3474,-2.2831,-0.3675,110465.0,5.5000,92.0607
NOV2004,1.4666,0.6900,0.0200,2.5678,7.4389,11.9968,7.0352,2.1470,1.8430,-0.6804,4.5497,0.0694,0.1921,13.2400,2.3056,-2.2467,-0.1454,110493.0,5.4000,91.9441
DEC2004,1.5401,0.6700,0.3000,2.5738,7.3035,11.9511,7.2763,2.3878,2.0271,-0.8477,3.2954,0.0680,0.1832,13.2900,4.4568,-2.1197,-0.2527,110624.0,5.4000,92.5621
JAN2005,1.5995,0.6700,0.4200,2.7353,6.9838,11.5319,7.0294,2.4160,2.0543,-0.8164,-2.8606,0.0481,0.1819,12.8200,-1.0834,-1.7013,0.2774,110718.0,5.3000,93.2505
FEB2005,1.4188,0.6000,0.1300,3.1072,7.1159,11.6953,7.3673,2.5270,2.1670,-1.1082,2.0474,0.0446,0.1653,12.0800,0.2153,-1.6661,0.2434,110949.0,5.4000,94.1370
MAR2005,1.7572,0.7400,0.1100,2.2972,6.6646,11.5762,6.9943,2.5093,2.0856,-0.7521,-1.9259,0.0642,0.2199,14.0200,-3.2483,-1.7922,0.6487,111095.0,5.2000,93.7106
APR2005,2.0416,0.7600,0.2600,1.2152,7.0292,11.4730,6.9838,2.6159,2.0747,-0.5743,-2.7682,0.0671,0.2088,15.3100,0.4325,-1.3780,0.6093,111441.0,5.2000,93.9379
MAY2005,2.0650,0.8800,0.2000,1.4502,7.1271,11.6138,7.1013,2.4794,1.9832,-0.4144,3.5069,0.0765,0.2278,13.2900,-0.6891,-1.0896,0.8433,111583.0,5.1000,94.2691
JUN2005,1.8844,0.9000,0.2500,1.7313,7.1680,12.1857,7.0674,2.4810,1.9856,-0.5966,0.9138,0.0859,0.2403,12.0400,0.5058,-0.8758,1.0905,111847.0,5.0000,94.4504
JUL2005,1.6220,0.8700,0.1200,2.0847,7.6355,12.4464,7.4688,2.2926,1.9121,-0.6706,3.9869,0.0626,0.1953,11.5700,-0.3160,-0.9369,1.2004,112122.0,5.0000,94.3472
AUG2005,1.6967,0.8800,0.1500,1.7027,7.6203,12.1601,7.5268,2.4469,1.9620,-0.7502,-0.8709,0.0637,0.2047,12.6000,-0.8723,-0.5727,1.5844,112311.0,4.9000,94.5759
SEP2005,1.7328,0.9300,0.5800,1.9124,7.5099,12.1855,7.4261,2.3044,1.8795,-0.5716,0.7860,0.0586,0.1901,11.9200,3.0601,-0.8814,1.8518,112392.0,5.0000,93.5404
OCT2005,1.8078,0.9700,0.2500,0.9326,6.7984,11.0505,6.7984,2.2895,1.8841,-0.4817,-2.3902,0.0642,0.1938,15.3200,1.9305,-0.6859,1.8034,112492.0,5.0000,94.9514
NOV2005,1.8542,0.9600,0.1100,0.9185,6.8239,11.3776,6.8455,2.2685,1.8592,-0.4143,3.6391,0.0533,0.1729,12.0600,5.2016,-0.6768,1.7057,112796.0,5.0000,95.7618
DEC2005,1.9161,0.9500,0.2300,0.6460,6.8019,11.0424,6.8385,2.3516,1.8993,-0.4355,0.0428,0.0514,0.1579,12.0700,0.9980,-0.3926,1.7708,112934.0,4.9000,95.7669
JAN2006,1.7580,0.9200,0.0800,2.1818,6.9928,11.0747,6.9475,2.2512,1.8801,-0.4932,3.5886,0.0519,0.1599,12.9500,2.2168,-0.1340,2.1778,113247.0,4.7000,96.6098
FEB2006,1.7654,0.8900,0.0200,1.9402,6.7867,11.5246,6.8385,2.1446,1.8549,-0.3792,-0.5223,0.0487,0.1524,12.3400,1.4310,-0.0180,2.3702,113533.0,4.8000,96.4960
MAR2006,1.6472,0.8800,0.0800,1.7268,6.8991,11.3574,7.0161,2.1899,1.8768,-0.5427,1.5161,0.0445,0.1492,11.3900,1.8251,-0.3248,2.9362,113795.0,4.7000,96.3262
APR2006,1.5555,0.7900,0.3200,1.7751,7.1456,11.2111,7.1329,2.0959,1.8279,-0.5404,0.9119,0.0420,0.1399,11.5900,5.5568,-0.3689,2.8035,113961.0,4.7000,96.8531
MAY2006,1.5897,0.8300,0.2400,1.8311,7.0016,11.0516,6.9993,1.9976,1.7832,-0.4079,-3.5369,0.0513,0.1512,16.4400,-4.4288,-0.3458,2.8507,113965.0,4.6000,96.4841
JUN2006,1.6914,0.9100,0.6600,1.8568,7.0673,11.1980,6.9732,2.1639,1.8324,-0.4724,-0.4235,0.0506,0.1597,13.0800,-1.7056,-0.1254,2.8179,114049.0,4.6000,96.8177
JUL2006,1.7323,0.8800,0.2500,1.9802,7.1828,11.2720,7.0897,2.1351,1.8483,-0.4028,-0.5896,0.0494,0.1544,14.9500,2.9049,0.0506,2.9355,114200.0,4.7000,96.7508
AUG2006,1.7353,0.9300,0.0900,1.9425,6.8564,11.2424,6.7436,2.1874,1.8714,-0.4521,2.0564,0.0430,0.1393,12.2900,0.9848,0.2281,2.9483,114347.0,4.7000,97.2040
SEP2006,1.7335,0.9400,0.7000,1.7307,6.7441,11.7279,6.6626,2.2946,1.9132,-0.5610,1.5367,0.0431,0.1394,11.9800,3.8957,0.1779,2.8325,114432.0,4.5000,97.3009
OCT2006,1.6443,0.8600,0.0400,1.6914,6.6143,11.2580,6.6143,2.2150,1.8766,-0.5707,3.2375,0.0343,0.1225,11.1000,2.5983,0.4006,2.9068,114438.0,4.4000,96.8994
NOV2006,1.6164,0.9000,0.0000,1.9829,7.3719,12.2823,7.3234,2.1618,1.8200,-0.5455,1.9204,0.0389,0.1232,10.9100,-0.1351,0.4967,2.9725,114628.0,4.5000,96.9610
DEC2006,1.4719,0.8900,0.4900,2.1442,7.5111,12.8969,7.3573,2.1551,1.8288,-0.6832,0.6798,0.0386,0.1260,11.5600,3.9521,0.2355,2.9489,114803.0,4.4000,98.5812
JAN2007,1.4076,0.9200,0.1800,4.2621,8.5270,13.3170,8.1053,2.1017,1.8013,-0.6941,1.5215,0.0402,0.1202,10.4200,1.3608,0.2274,3.0543,114993.0,4.6000,98.2365
FEB2007,1.4366,0.9100,-0.0300,4.0751,8.0378,13.2363,7.9197,2.1950,1.8720,-0.7584,-1.8290,0.0465,0.1599,15.4200,-6.0215,0.5174,2.9025,115051.0,4.5000,98.7382
MAR2007,1.4865,0.9700,0.1600,4.2593,8.3921,12.8032,7.9580,1.9801,1.7445,-0.4936,0.8629,0.0554,0.1788,14.6400,0.2590,0.2984,2.7136,115251.0,4.4000,99.4470
APR2007,1.4460,0.9100,0.4200,4.3788,8.2863,13.1052,8.1366,1.9358,1.7123,-0.4898,3.5013,0.0508,0.1604,14.2200,5.3670,0.2158,2.8407,115308.0,4.5000,100.1802
MAY2007,1.3520,0.9300,0.4600,5.2227,8.5533,13.4750,8.3013,2.1036,1.7881,-0.7516,3.4249,0.0498,0.1478,13.0300,1.4910,-0.2383,2.9677,115419.0,4.4000,100.0250
JUN2007,1.5466,0.8900,0.9500,5.2406,8.7300,13.3722,8.4123,2.0536,1.7188,-0.5070,-1.8527,0.0764,0.2040,16.2300,-5.8022,-0.2908,3.1151,115469.0,4.6000,100.2816
JUL2007,2.1260,1.0100,0.1000,4.9260,8.5794,11.9083,8.1984,2.2347,1.7058,-0.1087,-3.6168,0.1529,0.4715,23.5200,-8.6988,0.0875,3.1384,115486.0,4.7000,100.5762
AUG2007,2.2998,0.8300,1.2000,4.4334,8.0871,11.4602,7.8426,2.2405,1.7202,0.0594,0.8152,0.4987,0.6131,23.3800,-1.1397,-0.6460,2.7559,115391.0,4.6000,100.0976
SEP2007,2.2791,0.8300,1.2900,4.6999,8.0773,11.4623,7.6661,2.3036,1.7788,-0.0245,3.6998,0.4131,0.4665,18.0000,2.8148,-0.8698,2.4433,115396.0,4.7000,100.6757
OCT2007,2.2352,0.8500,0.4800,5.1224,8.1988,11.5564,7.6604,2.3401,1.7707,-0.1048,2.2398,0.5820,0.6111,18.5300,-0.9685,-0.6441,2.3768,115470.0,4.7000,100.1950
NOV2007,2.7761,1.1000,0.8300,4.2996,7.6225,10.7664,7.1637,2.6043,1.7908,0.1718,-5.3548,1.0325,0.9777,22.8700,-10.3965,-1.0052,2.3939,115568.0,4.7000,100.6165
DEC2007,2.8664,1.1500,1.2200,4.2558,7.1611,10.5046,6.9742,2.5191,1.8014,0.3473,-0.6661,1.4802,0.9992,22.4000,-7.8314,-0.8492,0.6730,115606.0,5.0000,100.9305
JAN2008,3.3313,1.2500,1.3000,3.3273,6.4205,9.3281,6.1056,2.6913,1.7803,0.6400,-6.6566,1.0466,0.9824,26.2000,-1.0568,-1.8961,0.7491,115610.0,5.0000,100.6262
FEB2008,3.5700,1.3300,0.7200,3.1230,6.0666,9.2103,5.7743,2.7543,1.8070,0.8158,-2.4077,1.4047,1.3695,26.5400,-13.3444,-1.9069,0.7155,115482.0,4.8000,100.1495
MAR2008,3.8198,1.4200,0.8800,3.1256,6.1242,8.8055,5.6111,2.7689,1.7460,1.0509,-1.1610,1.3455,1.3710,25.6100,-6.9469,-2.3001,0.3167,115395.0,5.1000,99.6993
APR2008,3.2728,1.3600,0.9000,3.2632,6.5249,9.1460,5.8280,2.7090,1.8315,0.5638,4.8963,0.8340,0.8424,20.7900,9.6102,-2.5465,0.0186,115209.0,4.9000,98.5295
MAY2008,3.1068,1.3900,0.1200,3.5569,6.5708,9.1089,5.9222,2.4961,1.8589,0.6107,2.2159,1.0483,0.9444,17.8300,-10.2227,-2.4061,-0.4385,114969.0,5.4000,97.9824
JUN2008,3.4609,1.4400,0.5700,2.8083,5.8140,8.5468,5.2776,2.8036,2.0080,0.6574,-8.3307,1.1783,1.2317,23.9500,-23.1620,-2.2739,-0.0514,114752.0,5.6000,97.3478
JUL2008,3.7902,1.4800,0.5300,2.6728,5.4084,8.0654,4.5647,2.7827,1.9943,1.0075,-1.4609,1.2075,1.1551,22.9400,10.8085,-2.4757,-0.5040,114487.0,5.8000,96.3617
AUG2008,3.8594,1.5200,0.4000,2.9882,5.6278,8.1227,4.9559,2.7633,1.9370,1.0961,0.9680,1.4114,1.3560,20.6500,-2.7056,-2.2902,-0.6671,114170.0,6.1000,94.9862
SEP2008,4.7416,1.8400,1.1400,1.8234,4.1231,7.3558,3.8706,3.3441,1.8869,1.3974,-10.4030,2.6500,2.2839,39.3900,-1.5055,-3.2001,-0.5028,113736.0,6.2000,91.6295
OCT2008,7.2783,3.0000,0.8500,0.4911,2.5938,4.9785,2.2711,4.5209,1.5029,2.7575,-20.4339,1.4947,1.5629,59.8900,-27.3736,-4.1421,-2.1770,113245.0,6.6000,91.0949
NOV2008,7.9078,3.4300,0.3500,0.1453,2.3039,4.3565,1.6673,6.4431,1.9171,1.4647,-8.9276,1.8380,1.7919,55.2800,-29.4013,-3.4632,-1.6290,112458.0,6.8000,88.8757
DEC2008,7.7804,3.3700,0.0100,0.3737,2.3120,4.0982,1.8701,6.0717,1.8600,1.7088,2.1288,1.8251,1.8051,40.0000,-3.7287,-2.6675,-1.8624,111822.0,7.3000,86.0841
JAN2009,6.5002,2.9300,0.0400,0.1980,2.0708,3.9582,1.7339,4.6102,1.9225,1.8900,-8.0695,2.0809,1.8876,44.8400,-29.6224,-3.1875,-1.5310,110981.0,7.8000,83.6996
FEB2009,6.1536,2.8100,0.2100,0.3241,1.9863,3.6117,1.2885,3.7379,2.0580,2.4157,-10.6762,2.6023,2.1876,46.3500,-18.5461,-3.2823,-1.3982,110260.0,8.2000,83.8118
MAR2009,6.4372,3.0600,-0.0300,-0.0555,2.0078,3.6621,1.5476,4.6038,2.0386,1.8334,8.3950,3.0917,2.5372,44.1400,20.5432,-2.8261,-1.4468,109473.0,8.6000,82.2422
APR2009,5.4635,2.7900,0.2400,0.5157,2.3608,4.0438,1.9274,3.6849,2.1786,1.7786,10.4761,2.6348,2.1691,36.5000,22.2464,-3.3397,-1.2563,108700.0,8.9000,81.6389
MAY2009,4.8623,2.4000,0.0300,0.5835,2.2994,3.9712,2.0531,4.0379,2.4391,0.8243,6.5048,1.5703,1.4630,28.9200,15.3567,-3.6801,-1.3391,108374.0,9.4000,80.6290
JUN2009,4.2386,1.8000,0.0300,0.5938,2.4147,4.0566,2.0501,3.7310,2.5614,0.5077,-0.2851,1.4635,1.4701,26.3500,-3.0008,-3.6736,-1.2487,107936.0,9.5000,80.3497
JUL2009,3.5148,1.4500,0.0800,1.1762,2.9010,4.5165,2.2656,3.5515,2.5585,-0.0367,7.9137,0.9826,1.0190,25.9200,11.7348,-3.6322,-1.2339,107649.0,9.5000,81.4712
AUG2009,3.3229,1.2600,0.0500,1.4372,3.1684,4.7583,2.5490,3.6744,2.6370,-0.3515,3.1343,0.9816,1.0948,26.0100,10.5150,-3.5609,-1.1593,107434.0,9.7000,82.2512
SEP2009,2.9659,1.1300,0.0800,1.4964,3.1474,4.5795,2.7280,3.1932,2.5016,-0.2272,4.4183,0.6416,0.9662,25.6100,2.2206,-3.4373,-1.2370,107221.0,9.8000,82.9437
OCT2009,2.8505,1.1100,0.1200,1.7805,3.5296,4.9083,2.9457,3.2858,2.5473,-0.4353,-2.8856,0.6026,0.9639,30.6900,-8.9619,-3.5961,-1.2090,106971.0,10.1000,82.9407
NOV2009,2.8365,1.1900,0.0500,2.6149,4.7144,6.3877,3.9670,3.0526,2.2230,-0.2161,5.5754,0.6530,1.0319,24.5100,2.7520,-3.3611,-1.4561,106937.0,9.9000,83.6316
DEC2009,2.3698,1.0600,0.1400,3.5056,6.0340,7.7481,5.4668,2.9807,2.1525,-0.6109,2.8711,0.5202,0.8684,21.6800,-4.6962,-3.9536,-1.6105,106835.0,9.9000,83.7893
JAN2010,2.3344,0.9600,0.1000,3.3593,5.6443,7.6557,5.1009,2.5949,2.0146,-0.2605,-3.7841,0.6972,1.0669,24.6200,-6.7999,-3.7072,-1.6470,106793.0,9.7000,84.7008
FEB2010,2.3670,1.0200,0.0600,3.9282,6.2869,8.5941,5.7232,2.3448,1.8284,0.0222,3.4724,0.8115,1.1292,19.5000,6.7492,-3.6501,-1.6475,106772.0,9.7000,84.8145
MAR2010,2.1413,0.9900,0.0100,4.6580,7.3662,10.2837,6.8769,2.2256,1.7188,-0.0842,6.2337,0.6012,0.9941,17.5900,9.7860,-3.7893,-1.6408,106916.0,9.7000,85.6133
APR2010,2.0348,0.9400,0.0600,5.2992,8.0539,10.8994,7.4225,2.2436,1.6818,-0.2088,1.9917,0.7569,1.1201,22.0500,-1.8239,-3.6181,-1.5632,107145.0,9.8000,86.3086
MAY2010,2.5112,1.1900,0.0700,4.5172,7.2196,10.1894,6.8412,2.7129,1.8141,-0.2017,-8.3415,1.0281,1.3837,32.0700,-9.8104,-3.3045,-1.3351,107193.0,9.6000,87.2605
JUN2010,2.6189,1.3900,-0.0300,4.1539,7.5701,10.3553,6.6402,2.7112,1.8331,-0.0922,-5.3456,1.0487,1.4367,34.5400,-7.8753,-2.9368,-1.3828,107258.0,9.5000,87.2183
JUL2010,2.4458,1.1500,0.0600,4.9552,8.4937,11.1040,7.1386,2.3081,1.6590,0.1376,6.9829,0.7963,1.1402,23.5000,9.5843,-2.8927,-1.1797,107351.0,9.5000,87.9870
AUG2010,2.6358,1.2200,0.0300,3.9039,8.0656,11.1514,6.8996,3.2088,2.0634,-0.5730,-4.4976,0.8854,1.3253,26.0500,-9.2468,-2.4303,-1.1032,107461.0,9.6000,88.0684
SEP2010,2.4221,1.0400,0.0600,4.6724,8.3773,11.6971,7.2143,2.5460,1.7175,-0.1238,8.8375,0.7869,1.2987,23.7000,4.3548,-2.4693,-1.0848,107570.0,9.6000,88.3104
